Malware_Types_List,Blacklist_Type_Text,Address_IP,Domain_Name
,,162.214.30.187,ewsxsw.com
,,,proteusnet.it
,,77.240.123.179,accesorios.nuestroservidor.es
,,109.237.140.6,ratgeber-beziehung.de
,,103.27.60.14,dongxinh.com
,,108.174.112.194,dustywinslow.com
,,107.180.55.21,iglesiaelrenacer.com
,,92.242.132.15,icloud-applecv.com
,,,icloud-drid.com
,,92.242.132.15,icloud-founded.com
,,92.242.132.15,icloud-iciod.com
,,210.209.69.88,icloud-icloudch.com
,,92.242.132.15,icloud-lccid.com
,,118.193.189.55,icloud-lostd.com
,,43.248.10.173,icloud-noop.com
,,98.124.243.48,icloud-securities.com
,,,icliunod.com
,,103.243.26.222,icloud-liccid.net
,,103.243.26.222,icloudlid.net
,,,apple-apis.com
,,45.127.204.172,apple-china-id.com
,,,apple-fido.com
,,,apple-findl.com
,,,apple-fiy.com
,,92.242.132.15,apple-fmi-service.com
,,,apple-fouy.com
,,92.242.132.15,apple-gye.com
,,92.242.132.15,apple-icloud-cane.com
,,,apple-icloud-idlost.com
,,,apple-icloud2016.com
,,92.242.132.15,apple-icloudid-nbp.com
,,43.240.13.70,apple-lcen.com
,,103.243.26.222,apple-licid.com
,,118.193.247.134,apple-locateds.com
,,92.242.132.15,apple-mirteal.com
,,,apple-ne-kefu.com
,,118.99.23.165,apple-notel.com
,,118.193.237.182,apple-ontrel.com
,,,apple-shouhou1.com
,,,apple-zo-shouhou.com
,,118.193.173.150,appleid-ios-ifind.com
,,103.197.157.249,appleid-iphone-gps.com
,,,appleld-a-zaixian.com
,,92.242.132.15,apple-icloud.org
,,118.193.172.4,applied-icloud.net
,,103.228.128.236,icl0uid.com
,,103.240.180.221,iclod-iponeid.com
,,103.55.26.168,icloud-applepld.com
,,,icloud-ito.com
,,45.127.98.128,icloud-leckup-id.com
,,103.240.182.10,icloud-leckup.com
,,118.193.172.91,icloud-wahd.com
,,,apple-appiled.com
,,103.239.73.199,apple-cn-appleid.com
,,27.126.180.226,apple-du.com
,,122.10.87.180,apple-iciluod.com
,,92.242.132.15,apple-iclod.com
,,122.10.87.180,apple-icloind.com
,,122.10.87.180,apple-icloiud.com
,,92.242.132.15,apple-iclonad.com
,,,apple-id-recovery.com
,,150.129.81.191,apple-id-support.com
,,103.243.26.222,apple-ilcid.com
,,92.242.132.15,apple-leckup-id.com
,,103.240.182.10,apple-leckup.com
,,103.243.26.222,apple-liccid.com
,,103.62.148.31,apple-myid-china.com
,,,apple-nz-kefu.com
,,118.193.189.56,apple-posit.com
,,118.193.189.56,apple-raisen.com
,,118.99.23.187,apple-retarl.com
,,92.242.132.15,apple-wahd.com
,,,apple-yam.com
,,,apple-zey.com
,,,apple110ios9.com
,,,applecld.com
,,92.242.132.15,apple-weth.com
,,192.210.199.209,brokenapple.net
,,50.63.202.19,brokentogether.net
,,207.148.248.143,buildingcontrol.net
,,207.148.248.143,buildingtogether.net
,,,dkuqcuoampdkdrhr7.com
,,46.30.212.13,doctorapple.net
,,75.126.211.188,doubleapple.net
,,,egiimdnxmse5g.com
,,50.63.202.24,familyfence.net
,,98.143.148.173,gitybdjgbxd.nl
,,,granybgberyqxgdkp.com
,,,kqqpygacciuzvub.com
,,,oimnobkbrpisoiqmec.com
,,209.135.214.28,pointcross.net
,,184.168.221.8,pointrise.net
,,50.63.202.55,preparecontrol.net
,,,sqokypaifilwzpmr.com
,,77.94.249.13,storecontrol.net
,,184.168.47.225,strengthbuilt.net
,,98.143.148.173,swcopf.nl
,,,usziqduihhgwnfhoh.com
,,61.19.246.46,wellfloor.net
,,61.129.33.149,wellfruit.net
,,72.52.4.90,westcross.net
,,212.227.213.125,westfloor.net
,,23.236.62.147,westrise.net
,,77.240.123.180,nuestroservidor.es
,,87.236.19.11,12yards.ru
,,178.238.137.166,1bodyfitness.co.uk
,,,1mfa89h.cf
,,192.185.108.212,247fingers.com
,,162.144.35.222,36or9.com
,,195.20.55.112,3ppll.ml
,,,4eternity.tk
,,89.161.243.24,4went.pl
,,192.185.108.212,86400foundation.com
,,67.222.12.107,98405.com
,,67.222.12.107,98406.com
,,67.222.12.107,98407.com
,,108.175.157.44,9ggtf.ml
,,119.81.50.203,aadhat.com
,,72.167.183.17,aandgtrading.com
,,173.199.120.43,aarandia.com
,,5.77.63.52,aashay92.com
,,,account-inc-paypal.co.uk.nfldepot.com
,,69.162.73.226,acordemaior.com.br
,,192.185.144.207,acupofcappuccino.com
,,112.213.89.30,acvunico.vn
,,92.242.132.15,adrainghostinc.org
,,198.15.115.235,advancesecurity.in
,,67.225.140.60,aerukl.com
,,5.77.63.52,agapechurchindia.org
,,192.250.225.49,agentcts.com
,,131.100.50.4,agnfrios.com.br
,,37.60.255.97,agogfinancials.com
,,92.242.132.15,agsigns.com.au
,,192.186.250.8,aiddp.org
,,192.185.108.212,airpoweregypt.com
,,192.185.77.116,ajayclothing.com.au
,,199.116.248.176,alexamobi.com
,,64.92.125.39,alfayha-ls.com
,,192.185.216.121,aliexpressofertas.com.br
,,,alijamalifard.ir
,,162.144.77.64,allaboutnaijaweddings.com.ng
,,162.144.35.222,allenrefractories.com
,,78.129.155.106,allenupholstery.co.uk
,,107.180.50.169,allflagsauto.com
,,79.172.211.3,alpinbike.hu
,,178.63.48.9,alsadiqterminal.com
,,216.172.172.182,amaisgastronomia.com.br
,,92.242.132.15,amazon-authentication-account-awd45238745664.eglsnvocc.com
,,131.100.50.4,aminstalacoes.net
,,131.100.50.4,amohotdog.com
,,67.225.140.60,amutechno.com
,,192.185.216.124,anced.org.br
,,95.142.152.194,anchorgyms.co.uk
,,131.100.50.4,anglicanadr.com.br
,,192.185.216.126,annaderoissy.com
,,176.32.230.26,anz-com-makqu.westhavenvillaflorida.com
,,92.242.132.15,aol.secure.ricomotorsl.com
,,217.160.197.65,apdcatoledo.com
,,208.86.253.147,apm9995.com
,,,appleid.apple.net.cgi-key.confirm.eu.web.cmd.myapple.webscmd.apple.user9.img-gb0.com
,,199.217.115.188,appleidverification.com.hdmombaca.com.br
,,160.153.162.17,apple-it.account.store.apple.com-apple-support-settings.attzedi.com
,,173.195.176.54,appraisalshome.com
,,192.185.108.212,arad-turistic.ro
,,94.141.21.135,arasarredamenti.it
,,62.149.128.166,argenti109.it
,,192.99.210.152,aries.com.uy
,,67.222.12.107,arkansasjoe.com
,,,aromaesence.cz
,,67.222.3.111,arsseguridad.com
,,192.185.216.123,arteambientecortinas.com.br
,,23.229.151.192,arte-cuadros.com.ar
,,192.185.108.212,arturosimports.com
,,192.185.108.212,atlanticwestmanagement.com
,,157.7.107.42,atmiracle.com
,,192.185.108.212,autisminvolved.com
,,50.28.9.112,autoauctionbidder.com
,,50.63.147.89,autosurlenet.com
,,50.116.112.159,avantlog.com.br
,,5.134.116.71,awred.com
,,63.247.87.242,axisedu.com.np
,,203.124.119.1,ayanamtours.com
,,31.170.164.210,ayudacentro.esy.es
,,63.247.87.242,badri.com.np
,,5.77.63.52,balajitemplerajam.org
,,107.180.44.156,baltimoreaccidents.com
,,192.185.108.212,bangladeshbrandforum.com
,,69.89.31.161,bankingffm.com
,,43.250.248.10,bankruptcyexpertsmackay.com.au
,,92.242.132.15,banpichincha.gq
,,31.193.3.6,bedandmattressuk.co.uk
,,192.185.108.212,behavioralintegrity.com
,,148.163.99.29,beneficies.net
,,198.58.93.52,bestwordz.com
,,103.14.98.131,beyondviewstudios.com
,,66.175.58.9,bfox1.bizarrebazar.net
,,46.30.244.130,bfpontedera.it
,,107.180.50.186,bhoomart.com
,,202.22.163.23,bigbuzz.com.au
,,199.231.189.251,bikreeclub.com
,,46.4.122.252,biomir.by
,,91.201.215.220,blackops.kz
,,192.185.103.70,blancalinares.work
,,81.88.48.78,blog.atelierdimensioneverde.it
,,192.185.108.212,blowvip.com
,,160.153.16.27,bluespike.homeip.net
,,192.185.108.212,bodyshaping4u.com
,,192.185.108.212,bonchienpetcare.com
,,94.229.164.69,booking.arranadventure.com
,,192.185.136.34,boracay-apartments.com
,,91.222.8.128,boudoirphotos.uk
,,198.187.29.12,bousaada.ml
,,92.242.132.15,bpopulairesupport.info
,,203.33.171.111,brettthompson.com.au
,,131.100.50.4,brilim.net
,,50.62.23.160,brilindia.com
,,206.188.192.240,brittanyblakeinteriors.com
,,192.185.211.207,buffetmarques.com.br
,,187.45.180.235,buffetoasis.com.br
,,108.170.54.199,bumalow.com
,,192.250.229.18,buyandsellaustralia.com.au
,,192.185.108.212,buzzsetter.com
,,69.89.31.95,bycappelli.com
,,148.163.99.29,caesalpaca.net
,,131.100.50.4,caftecindustrial.com.br
,,112.78.2.181,cameradongbac.com
,,192.185.216.123,camisassocial.com
,,125.253.113.210,canhonovaland.com
,,63.247.87.242,capitalintl.com.np
,,184.168.164.1,carblegal.com
,,63.247.87.242,carlduisberg.com.np
,,184.168.27.82,carpetcleaningchevychase.com
,,,casaideas.cf
,,50.87.104.150,casaldoszimbros.com
,,192.185.140.208,castletownglass.com
,,184.168.221.14,catalystkt.com
,,192.185.108.212,catsmegastore.com
,,209.188.24.242,ccparadas.pt
,,209.188.24.242,cdf.westveil-estate.com
,,131.100.50.4,celivre.org
,,5.153.10.230,centreforislamicexcellence.com
,,131.100.50.4,cerbaro.com
,,184.168.27.81,chalktalkpro.com
,,107.180.55.19,chase-payments.com
,,184.168.221.57,chavesdeacesso.com
,,199.59.243.120,check-in-alibaba.1-ws.com
,,104.31.91.6,chiangmairesin.com
,,184.168.221.72,chiffrechristianlotlefaby.net
,,192.185.108.212,christmasassistance.org
,,5.10.68.188,christwayroyalchurch.org
,,192.185.108.212,churchvillewoodworks.com
,,92.43.23.27,cibercat.com
,,63.247.87.242,cims.com.np
,,81.177.165.132,circular.myjino.ru
,,72.47.232.212,clinicatajy.com
,,131.100.50.4,cloud002.san.psi.br
,,192.185.20.88,clubsocial.info
,,192.185.48.175,coffeehousecenter.com
,,192.185.108.212,colonialroadtrek.com
,,,comixusa.com
,,194.8.30.56,comtacto.pt
,,92.242.132.15,com-verifizierung-ssl.com
,,92.242.132.15,confirmation-account-paypal.gpdielohimsidoarjo.com
,,107.180.55.60,confirm-paypal-account.manage-limit-online-inc.com
,,131.100.50.4,controlege.com.br
,,108.167.143.137,cooksconnection.net
,,112.78.1.54,coolcat.vn
,,201.175.20.195,coopcoyutla.org.mx
,,216.97.233.15,corylange.com
,,92.242.132.15,cpro34349.publiccloud.com.br
,,200.63.98.13,cqestudio.com
,,184.154.52.138,creditanddebttrade.com
,,92.242.132.15,creditocertosantander.com.br
,,186.233.251.25,ctsaci.com.br
,,192.185.182.16,cubabientravel.com
,,192.185.108.212,culturelinkgroup.com
,,67.222.3.111,cuponesenperu.com
,,94.76.208.180,cursident.com
,,199.7.109.98,customs-form.com
,,192.185.73.5,cvbhejo.com
,,5.101.153.92,d29808px.bget.ru
,,173.236.108.101,dadandsonfloors.com
,,107.180.54.254,daddymor.com
,,209.236.113.230,dairysciencepark.org.pk
,,78.129.162.8,dancesavage.com
,,50.87.144.126,dangitravelrecharge.in
,,200.27.142.126,danielduarte.cl
,,91.239.67.99,darekgawronski.pl
,,209.141.38.230,darululoomhala.com
,,87.121.52.219,datenabgleich-amazon.de
,,186.64.115.90,decoragua.cl
,,69.89.31.84,deiroschocolate.com
,,199.83.129.182,deneancaperton.com
,,104.37.35.66,device-support-help.com
,,69.162.73.226,dicaseviagens.com.br
,,195.20.46.124,dieuhoagiaphu.tk
,,81.169.145.77,digitaldruck-und-beschriftung.de
,,131.100.50.4,dilmaimoveis.com
,,192.185.108.212,diningads.com
,,196.22.132.252,dinnersserved.co.za
,,198.57.132.25,dinosseafood.com
,,107.180.51.245,dipyourphone.com
,,192.254.235.131,dishwasherindiareview.in
,,77.79.239.196,diversclub.pk
,,88.198.59.7,dmaxspeaker.ir
,,192.250.229.18,document.buyandsellaustralia.com.au
,,192.185.108.212,dogmegastore.com
,,184.168.47.225,dollfacemarin.com
,,69.195.124.142,dominionbuilder.com
,,46.22.145.58,dom-milidom.co.rs
,,69.195.124.109,douglasstrelshiklaw.com
,,173.254.82.241,downlodabols.com
,,192.185.148.192,dreamtechnology.com.ar
,,148.251.20.89,dr-mohammadzadeh.com
,,92.242.132.15,dropboxfilezilla.info
,,107.180.54.175,drpb22.com
,,74.85.244.2,dsscteam.com
,,109.205.140.13,dueroclic.es
,,192.185.13.193,dukesglobaltravel.com
,,119.18.48.37,durvaengineeringworks.in
,,67.222.158.172,dvmyanmar.com
,,192.185.108.212,eastcoastmulch.com
,,23.229.134.224,easyaccessspringfield.org
,,199.195.146.189,economyautollc.com
,,5.153.10.230,ecspoc.com
,,199.7.109.82,ecustoms-hmrc.com
,,95.110.234.179,edilkom.it
,,209.151.129.175,e-easi.com
,,176.114.1.15,elektrodvigatel.com.ua
,,92.240.253.107,eletiskolaja.eu
,,192.232.249.212,elhelaltrade.com
,,192.185.17.207,elimiscar.com
,,207.210.203.123,eliteasianintroductions.com
,,207.210.203.123,elitejewishintroductions.com
,,207.210.203.123,eliteseniorsintroductions.com
,,50.116.112.157,elyanefiuza.com.br
,,72.47.228.108,embarcadero.com.mx
,,192.185.184.63,emergencyvesselsinternational.com
,,5.150.141.164,emmegi-heat-exchangers.com
,,192.185.108.212,emmveetuffglass.com
,,149.3.144.212,emozionidiviaggievacanze.it
,,192.185.51.96,empireprairieweather.com
,,200.219.245.141,empreiteirapaulistana.com.br
,,143.95.41.146,energyproactive.com
,,192.185.216.126,engsiqueira.com.br
,,92.242.132.15,en-skrill.com
,,192.185.108.212,epassapp.com
,,69.89.31.81,equestrianconsulting.com
,,192.185.108.212,eskalaunocien.com
,,192.185.179.102,eskepictureframing.com
,,192.185.83.90,estate.websitewelcome.com
,,198.20.224.220,eurolabpal.com
,,63.247.87.242,everesttouch.com.np
,,192.185.108.212,exoticcelebrations.com
,,176.9.41.162,expotrasosmontes.com
,,92.242.132.15,expresstag.adsoft-solutions.ro
,,67.225.140.60,faadulyricz.com
,,67.225.140.60,fab2fam.com
,,109.95.156.4,fabrykaedukacji.pl
,,,facebo0k.fr
,,173.236.156.169,facture.mons-esapceclients.com
,,209.99.40.222,familysunglasses.com
,,186.202.127.109,fantasiabaloes.com.br
,,50.62.56.87,fareastnationalsingapore.com
,,192.185.108.212,fashionseallabcoat.net
,,192.185.108.212,fashionseallabcoats.com
,,192.185.108.212,fashionsealscrub.com
,,192.185.108.212,fashionsealscrub.net
,,191.252.4.20,favelanamoda.com.br
,,131.100.50.4,fazendamimosa.com.br
,,194.150.248.52,fcwangen.ch
,,216.172.168.186,fcwpc.com
,,125.214.76.151,feefromrefund.com.au
,,107.180.24.242,feelvo.com
,,81.19.145.30,fernsicht.cc
,,192.185.108.212,ferretmegastore.com
,,81.31.45.77,fhl.sputnik-brno.cz
,,64.64.9.25,filehelp.org
,,195.210.46.199,finstatus.kz
,,192.185.108.212,fishmegastore.com
,,63.247.87.242,fitness.com.np
,,192.185.108.212,fixfoundationnj.com
,,68.171.217.250,flayconcepts.com
,,192.186.250.41,floresdeleste.com
,,131.100.50.4,folksnetnografica.com.br
,,192.185.179.102,foodboxcolombia.com
,,5.9.114.125,forexdn.com
,,192.185.108.212,formanstudios.com
,,131.100.50.4,forteembalagens.com
,,192.185.216.124,forteservicosce.com.br
,,131.100.50.4,forumsantuario.com
,,131.100.50.4,fourtechbrasil.com.br
,,87.229.98.18,foxtravel.hu
,,87.229.26.126,fp.creedy.hu
,,192.185.108.212,frankmazzogc.com
,,184.168.47.225,freelance4projects.com
,,68.178.254.145,fresnoresearch.com
,,149.126.74.20,fuegostudios.com.au
,,192.185.51.96,funkchampions.com
,,107.180.54.182,funnelvisionaries.net
,,212.113.133.56,futuress.com
,,50.63.202.39,gaelorinalledescytises.org
,,69.89.31.238,gaiaelements.com
,,131.100.50.4,gazzettatalent.com.br
,,131.100.50.4,gazzettatalent.net
,,209.99.40.223,gednetwork.net
,,50.87.152.104,geekaybio.com
,,125.253.113.210,giaretour.com
,,192.185.108.212,ginzasushiportorange.com
,,125.253.113.210,gioxachbat.com
,,190.8.176.186,globalmfarmaceutica.com
,,198.58.92.228,globomant.com
,,160.153.162.16,goodluck.howtoflyairplanes.com
,,192.185.216.126,grae.com.br
,,131.100.50.4,graficabrindes.com
,,173.199.120.43,gramcare.com
,,94.247.31.250,gramesa.net
,,202.22.163.23,grannys.com.au
,,216.239.138.159,greeksuperpatch.com
,,62.141.48.252,grundschule-moellenhagen.de
,,70.40.200.242,guia.oitcinterfor.org
,,185.116.212.70,habit-mag.co.uk
,,212.113.133.235,hairaisers.com
,,78.129.155.106,harmaintravels.co.uk
,,5.77.63.52,harshithadoors.com
,,112.137.167.245,hartanahmalaysia.info
,,192.185.184.43,helicoptershq.com
,,192.185.108.212,higherphuket.com
,,131.100.50.4,higienizacomercio.com.br
,,63.247.87.242,himalref.com.np
,,63.247.87.242,himgiritravels.com
,,184.95.41.121,hng.org.in
,,184.168.57.1,hochikisingapore.com
,,181.224.147.134,hoffmanmaterials.com
,,166.62.80.69,holycrosscpc.org
,,198.58.93.56,hoodklassyclothingco.com
,,,hooyi.tw
,,96.44.171.173,hopecollective.com
,,,hostmasterplus.com
,,192.185.118.4,hotelbuganvillas.com
,,131.100.50.4,hotelfamilies.com.br
,,131.100.50.4,hotelfamilies.com
,,63.247.87.242,howtolookyoungertoday.com
,,199.59.243.120,hssannna.cuccfree.com
,,192.185.51.96,huntercaroline.com
,,218.108.15.66,hzmfmr.org
,,192.185.79.230,ibrahz.com
,,138.128.160.106,ibvciudadela.com
,,92.242.132.15,icloud-control.com
,,160.153.162.4,id-apple-secure1.store.apple-2fhuxob0o1e-appleid.apple.com-secu.ohighar.com
,,103.25.130.206,ideamasale.com
,,166.62.44.105,ihealthcue.com
,,192.185.108.212,ijustwanttoplaypoker.com
,,69.162.73.226,ilihost.com.br
,,162.144.123.108,imamiawelfare.org
,,185.75.192.3,immohouse.hu
,,192.185.216.123,imoveisvirtual.com.br
,,192.185.108.212,impactrevolution.com
,,92.242.132.15,importantchecks.com
,,192.185.213.99,imunizarvacinas.com
,,192.185.223.169,incensosinca.com.br
,,27.121.64.126,industriallubricationservices.com.au
,,188.121.58.1,inetsoftwaresolutions.co.uk
,,50.87.152.104,ingoodhandschiropractic.com.au
,,63.247.87.242,innerduction.com
,,173.254.28.124,innovareanalytics.com
,,,iphotography-school.com
,,74.220.207.181,iseiyanurelayemiinc.catcoot.com.sa
,,103.28.12.140,islamicfashioninstitute.com
,,192.185.108.212,ispwirelessgroup.com
,,78.46.100.176,istandardproducers.com
,,92.242.132.15,itunes.apple.com-blocks.com
,,92.242.132.15,itunes-security2016wmid7780f4-110ll-16.taxds.gr
,,61.63.20.118,itvcf.com
,,92.242.132.15,iusaa.com-sec-inet-auth-logon-ent-logon.londonworldenglish.com
,,108.160.158.97,ivan.phpdev4u.com
,,69.64.68.185,japannewsheadlines.com
,,87.117.242.72,jdhc.co.uk
,,192.185.51.96,jesusmartineztorrecilla.com
,,63.247.87.242,jimenezvalverde.com
,,217.34.136.53,jkdsecurity.co.uk
,,192.185.216.122,jmdetetive.com.br
,,199.59.243.120,joao.cuccfree.com
,,27.121.64.141,johnrobb.info
,,67.222.12.107,jonathanphillips.org
,,173.199.120.43,jpolandez.com
,,92.242.132.15,jsglovis.com
,,202.75.53.11,jualtopupbiz.com
,,192.185.108.212,juki.com.bd
,,63.247.87.242,justeasytravel.com
,,50.87.144.32,justliberated.com.au
,,5.77.63.52,kakatiyapublicschool.in
,,166.62.116.88,kalaniketan.com
,,63.247.87.242,kalyan.com.np
,,5.77.63.52,kanthikiran.com
,,192.185.13.20,kanyij-advocates.co.ke
,,187.45.180.235,kapack.com.br
,,203.170.82.97,katiesplace.com.au
,,79.170.44.141,keighleyrugbyheritage.info
,,176.32.230.26,kentendo.co.uk
,,192.185.13.189,kenyamarinas.com
,,192.185.211.207,kerusso.com.br
,,192.185.108.212,keywordpressplugins.com
,,95.154.213.98,kgbremovals.co.uk
,,181.224.137.209,kindassault.com
,,212.172.221.23,kinder-und-kindheiten.de
,,107.180.44.124,kingswaypaving.ca
,,63.247.87.242,kitchenace.com
,,63.247.87.242,kites.kitesoar.com
,,144.76.101.170,kkalpanagroup.com
,,192.185.108.212,knitconcern.com
,,173.201.238.128,knowledgew.com
,,209.59.141.132,kochsfarmservice.com
,,125.253.113.210,kodahoney.com
,,104.27.164.99,koisas.com.pt
,,103.28.12.140,koperbunda.com
,,173.201.243.128,ktperformance.com
,,192.232.219.76,ku6bhi.com
,,80.87.199.109,kundensicherheit.center
,,67.227.198.201,la-belle-epoque.co.uk
,,131.100.50.4,labiska.com.br
,,131.100.50.4,labiska.com
,,138.128.160.106,lacamila.edu.co
,,72.167.131.161,lacati.com
,,,lacocinadeyuli.com
,,67.227.253.225,lanadahl.com
,,184.168.233.1,lasambaentertainers.com
,,66.7.196.148,laser-travel.com
,,192.185.48.228,lasvegashomes-foreclosures.com
,,195.248.254.4,latka.com.pl
,,192.185.216.26,leadclube.com.br
,,192.185.108.212,learnguitarlessons.co.uk
,,209.59.133.238,leavinsomnia.com
,,62.129.201.157,lecznicapanda.animrumru.net
,,63.247.87.242,legalcr.com
,,63.247.87.242,lekhannepal.com
,,,limabghanate.com
,,5.10.68.190,linkedincc.com
,,63.247.87.242,littleheartsofjoydaycare.com
,,92.242.132.15,loacaliza-iphone.com
,,63.247.87.242,locksmith-alisoviejo.com
,,63.247.87.242,locksmith-bellflower.com
,,63.247.87.242,locksmith-edina.com
,,63.247.87.242,locksmith-highland.com
,,63.247.87.242,locksmith-maple-grove.com
,,63.247.87.242,locksmithmoorpark-ca.com
,,63.247.87.242,locksmith-rancho-cucamonga.com
,,63.247.87.242,locksmith-santamonica.com
,,104.236.61.190,loja1.elianecasaeconstrucao.com.br
,,107.180.54.251,lookupluious.com
,,63.247.87.242,lordbuddhaedu.com
,,50.63.43.1,los4acuerdos.com.mx
,,63.247.87.242,lovingtolivelife.com
,,87.106.63.113,luehrs.de
,,69.162.73.226,luisalbertocosta.com.br
,,94.126.173.11,lumikor.net
,,131.100.50.4,macbalao.com.br
,,148.163.127.107,maetl.coretxt.net.nz
,,192.250.229.18,management.buyandsellaustralia.com.au
,,66.147.244.55,manhattanwellnessgroup.com
,,184.95.41.121,manipurmedicalcouncil.org
,,5.206.231.158,margaridaschool.com
,,108.167.143.134,marinateyourhead.com
,,,mariocalcados.com.br
,,184.168.221.35,marketimaro.com
,,199.167.200.11,masayuworld.com
,,31.170.160.129,massender.netau.net
,,63.247.87.242,maths-alive.com
,,69.195.124.87,maxandstevie.com
,,181.224.135.74,mcbride.tmawww.com
,,177.185.192.125,mcdesignarq.com.br
,,192.185.213.182,mecaloja.com
,,63.247.87.242,meetmagicnepal.com
,,192.185.89.4,meklaw.org
,,208.91.197.132,membersconnects.com
,,63.247.87.242,mhgonline.com
,,92.242.132.15,micrsft.pw
,,108.175.157.44,milovitch.net
,,69.90.66.200,mindbendingmovies.co.uk
,,162.144.120.45,minimal.acmecreatives.com
,,63.247.87.242,mob2pay.com
,,67.225.166.81,mohsenmodiri.com
,,64.20.40.34,moisesmieses.com
,,192.185.218.125,molonmetais.com.br
,,125.253.113.210,molution.vn
,,50.87.152.104,montevideo.co.za
,,148.163.99.29,montgomer.net
,,119.47.118.22,morecoreaudio.co.nz
,,131.100.50.4,motorestrevo.com.br
,,192.185.150.72,mouyerfamily.com
,,37.230.114.67,moyhit.ru
,,50.116.112.158,mspassessoria.com
,,192.185.13.189,mwangicoffee.com
,,,my2015taxfile.hostgolddragon.com
,,162.144.67.106,mycontactsystem.com
,,92.242.132.15,myfollowermedia.com
,,198.154.248.248,mymedicalclinicmn.com
,,50.87.152.104,myperfectchickencoop.com
,,192.185.108.212,mysoftwareclub.com
,,198.15.116.243,mystery-box.in
,,192.185.108.212,naamasprings.com
,,92.242.132.15,nab-au.com
,,67.222.3.111,nazuri.pe
,,209.188.94.224,nebogymnastics.com
,,192.185.86.238,newhorizonsnigeria.com
,,192.185.142.146,newlinesolutions.cl
,,182.50.129.72,nilvala.com
,,69.194.234.84,ninjaeducator.com
,,185.2.4.29,notificaperconfirmatuodatinline.com
,,192.163.221.134,nouralmaarefschool.com
,,192.185.216.122,novaorionmetais.com.br
,,108.179.192.192,nusadua.com.br
,,166.62.118.179,nyhookeduptowing.com
,,178.159.242.67,obnovochka.by
,,108.167.172.175,olivegreenclothing.com
,,70.40.202.133,oneroofnyc.com
,,184.168.221.36,onlinefileshares.com
,,221.121.153.135,optimalstormwater.com.au
,,192.185.225.61,orestesdiaz.info
,,192.185.108.212,orionreynolds.com
,,192.185.108.212,ourweeklypokergame.com
,,79.170.44.135,pacnews.co.uk
,,187.45.180.235,pakopedras.com.br
,,92.242.132.15,particuliers-creditagricole.info
,,185.2.4.21,pasticceriacapello.com
,,131.100.50.4,paulopedott.com
,,185.28.20.238,payapalsecrty.besaba.com
,,92.242.132.15,paypal-help.safety-verified.ga
,,87.121.52.156,paypalhelp.unbefugterkontozugriff.com
,,104.27.172.126,paypal.kundenbereich-2016.cf
,,92.242.132.15,paypallex.lassmannschoon.de
,,192.185.177.60,paypal.startievv.com.br
,,217.149.52.10,paypal-verification.tuhannentahden.com
,,160.153.60.36,performanceoutdooradvertising.com
,,92.242.132.15,perm4pplecli1.com
,,74.124.200.237,petalshop.lk
,,67.222.12.107,phillipsrealtyllc.com
,,79.170.44.125,phlebotomytrainingdirect.com
,,159.8.9.42,photos.dubaimoon.com
,,192.99.18.100,picovate.com
,,119.81.131.166,pinoytravelagent.com
,,192.185.216.122,pipastornado.com.br
,,69.167.172.32,plazatile.mx
,,67.222.12.107,pleasurepress.com
,,192.185.216.122,plenenge.com.br
,,5.9.94.34,plsnasiri.ir
,,50.116.112.168,poliseg.com.br
,,50.63.202.33,pommierorangebrigitte.org
,,62.149.128.154,ponziinvestigazioni.com
,,37.58.85.56,powerboilers.com.ng
,,212.48.78.154,powerprotein.es
,,166.62.28.94,powerxpinfo.com
,,166.62.28.137,prashanthidrug.com
,,199.79.62.190,presidencyinstitutions.org
,,198.143.100.22,primestuffs.com
,,74.220.215.207,procerv.org
,,192.185.108.212,profesorzdm.com
,,192.185.108.212,protagfilms.com
,,62.210.16.62,protect-elect.fr
,,131.100.50.4,provetbh.com
,,209.188.24.242,purplot.com
,,68.171.217.250,purtglobal.com
,,,pyotours.com
,,209.188.24.242,qodsa.com
,,209.188.24.242,quiklean.com
,,209.188.24.242,quochoc.net
,,192.185.108.212,quotetherapy.com
,,85.128.135.13,quoteyourmove.co.uk
,,192.185.244.176,racetracktycoon.com
,,192.185.189.211,radiojehona.al
,,104.166.72.18,radioprosa.com.br
,,184.95.45.219,raidmykloset.com
,,201.175.20.195,ramadaacapulco.com
,,72.10.48.48,ran-ashkenzi.co.il
,,50.116.112.159,ranchoper.com.br
,,159.100.184.131,ravintolisawiki.fi
,,201.175.20.195,realgf.mx
,,173.236.44.34,recouvrement-orange.fr
,,182.160.154.164,recycle.com.au
,,209.35.52.138,reelwineguy.com
,,192.185.108.212,reserveyourpokertable.com
,,192.185.218.132,residencialbrown.com
,,92.242.132.15,resolv-payment.com
,,192.185.216.61,restaurantefigueiredo.com.br
,,50.87.104.150,restaurantesaopedro.net
,,122.154.18.92,ridmidscale.com
,,192.185.118.4,riverfront.com.bo
,,109.228.4.170,robinmay.co.uk
,,46.41.144.115,rodziceirzyk.pl
,,192.185.216.125,rogerpaulino.com.br
,,109.73.236.38,royalsocialmedia.com
,,,rptraininginstitute.org
,,209.188.24.242,rtrick.com
,,192.185.108.212,rural-net.com
,,173.254.28.137,rushmooreng.co.uk
,,62.149.128.160,sabridawtouni.com
,,62.149.128.74,sabridawtouni.net
,,69.73.180.180,safekimya.com.tr
,,173.254.28.130,samcotas.com
,,92.242.132.15,sandipnandimajumdar.in
,,198.154.248.137,sanidadintegral.org
,,46.4.1.66,saniplan.com
,,192.185.221.42,saoluisrunners.com.br
,,119.59.120.55,sassy69.com
,,67.222.12.107,savannaharies.com
,,63.247.87.242,savoirplus.net
,,104.152.68.156,sbfranciscans.org
,,81.19.145.40,schloeglmann.at
,,114.215.87.11,sdqcyg.com
,,92.242.132.15,securecice.access.cibc.cn.com
,,92.242.132.15,secured-attemp-cap.com
,,92.242.132.15,secure.login.customers-area.tk
,,,securepaypal.xyz
,,199.59.243.120,segurocadastro31.gratisphphost.info
,,,sejasaude.com
,,108.167.165.141,selecteastlondon.com
,,209.188.24.242,senciotech.com
,,192.185.216.124,seniorvit.com.br
,,67.228.244.2,seraphim.archangelsystems.com
,,50.63.202.49,sernertymcom.com
,,,service-activation-card-info-support-paypal.elbarza.com
,,31.220.16.156,serviceppl2016.esy.es
,,185.51.164.62,sexhikayelerim.pro
,,192.185.185.178,shopceron.com
,,65.39.182.150,silvermooncottage.com
,,187.45.182.82,simonismodas.com.br
,,131.100.50.4,singular.ind.br
,,192.185.108.212,sitespawn.ca
,,50.87.152.212,skopelos.me
,,198.136.58.242,skyconstruction.co.zw
,,63.247.87.242,skylarkedu.com.np
,,,smiles.pontosextra.com.br
,,188.40.239.38,smtp1.positiva.si
,,184.168.221.34,smugplugs.com
,,174.121.164.66,softelixir.in
,,108.167.188.159,somewaystore.com.br
,,209.188.24.242,soonlee-film.com
,,198.57.149.32,southside-screenprinting.com
,,195.246.8.32,sozitje.si
,,209.188.24.242,specialelogistics.com
,,202.22.163.23,speedsheets.com.au
,,192.163.217.123,spireresearch.com
,,192.185.108.212,spmarineservices.com
,,131.100.50.4,sportfishingbahia.com.br
,,184.168.221.42,squarespace-surpport.com
,,143.95.82.235,sricar.com
,,144.76.191.135,ssrabin.com
,,192.185.108.212,starmedicalsupply.com
,,209.188.24.242,steamteamfw.com
,,62.219.67.25,stepup-marketing.co.il
,,23.229.183.169,stevemcdonaldfanclub.com
,,89.111.177.28,stiancamnuniti.cf
,,50.87.150.48,store.eton.com.sa
,,192.185.108.212,strippokergamesonline.net
,,69.172.201.217,studio22-22.com
,,,studiok.it
,,92.242.132.15,stvznieuws.nl
,,131.100.50.4,sulformes.com.br
,,160.153.161.229,support-it.account.store.secure1.store.apple-apple-settings2fvdtbyp6qpisybimyjikdz.beyajjen.com
,,23.229.192.9,surchile.com
,,192.185.179.102,swakuru.co.za
,,50.87.152.244,sweetbed.net
,,83.125.22.169,swiftcar.co.nf
,,31.220.16.17,tabela-recadastro.pe.hu
,,67.222.12.107,tacomacitizenscouncil.com
,,198.38.89.241,taheriflour.com
,,,talkintarnarc.co.uk
,,108.167.180.142,talleraxis.cl
,,77.123.131.99,tarplast.com.ua
,,91.200.32.231,tartakpopielow.pl
,,209.188.24.242,taskoye.com
,,5.10.68.188,techsablog.com
,,166.62.28.103,techzahowz.com
,,63.247.87.242,tejesnepal.com.np
,,131.100.50.4,templariosdoasfalto.com.br
,,192.185.218.119,testecliente.com.br
,,209.188.24.242,thankgodforbeef.com
,,192.185.108.212,thebracketclub.com
,,173.199.120.43,thecampusminister.com
,,209.188.24.242,thejimmyhart.com
,,209.188.24.242,thekaratecenter.org
,,192.185.108.212,themarketingedge.co.nz
,,176.31.156.188,themestune.com
,,209.188.24.242,theoasislaundry.com
,,192.185.108.212,therepublic.net.nz
,,185.55.79.109,theuniversityshop.co.uk
,,192.185.13.189,thezanier.com
,,209.188.24.242,thriftybetch.com
,,131.100.50.4,tijucasdosul.pr.gov.br
,,209.188.24.242,torikelly.us
,,184.168.221.29,tottenhamrealtor.com
,,109.123.209.196,tpse-solar.cz
,,46.16.188.7,trackakwaibom.com
,,107.155.83.17,trackers.com.pk
,,88.150.141.57,trade.pwcb.co.uk
,,198.38.82.168,traducatormadrid.com
,,209.188.24.242,tremendoushearts.org
,,67.222.158.172,ttx-group-myanmar.com
,,23.235.200.101,tuisconsult.com
,,185.116.213.18,turnock.com
,,125.253.113.210,tuyendiemdulich.com
,,78.46.194.22,uczsieniemca.pl
,,66.147.244.226,ulcrobotics.com
,,46.105.174.39,union-des-ouvriers.fr
,,116.0.22.229,uniquechauffeurcars.com.au
,,192.254.236.234,uniquegiftsandinteriors.co.uk
,,92.242.132.15,updateaccountchacker.org
,,92.242.132.15,update-account-service.andrewperkinscomputerseasyvideogamessupport.com
,,92.242.132.15,update-account-service.treenet.ch
,,,update.information.bankofamerica.com.varelaoutdoor.com.br
,,92.242.132.15,update.information.lloydsbnk.com.fitness24.it
,,,update.paypal-security.1998old.com
,,,update-security-paypal.1998old.com
,,108.174.180.88,urmcroseburg.org
,,92.242.132.15,usaaa.com.verify-accnt-inet.ent.planosaudehapvida.com.br
,,92.242.132.15,usaa.com-auth-onlog-logg-redin-lojk.myeasyone.com
,,27.121.64.104,usaa.com-inet-ent-account-upgrade.metperial.com
,,192.185.91.41,usaa.com.natebooth.com
,,109.70.26.37,velta-tour.ru
,,184.168.221.52,verification-identity.net
,,5.199.165.172,verify1-your-account-paypal.tk
,,192.185.51.96,veterinariocameros.com
,,198.15.69.186,vetormedicinadotrabalho.com.br
,,192.185.216.124,vianadebulhoes.adv.br
,,184.95.45.219,vianova-realestate.com
,,209.188.24.242,villageatsquaw.com
,,93.191.243.137,vinovo5stelle.it
,,192.185.73.25,vortextechnologies.co.ke
,,209.188.24.242,voting-booths-china.com
,,202.146.219.9,vz777.com
,,37.228.90.39,wakeschool.ru.optimus.mtw.ru
,,192.124.249.2,watermarque.co.uk
,,94.126.173.11,wcm.terraavista.net
,,92.242.132.15,webinklabs63.pw
,,,webscrapp.net
,,92.242.132.15,webservice-contact.com
,,192.185.19.218,webservicesclub.com
,,192.185.103.8,wefindfamily.com
,,192.185.214.95,wellsfargo.com.casainterativa.net
,,27.121.64.126,wellsfargo.com.insights.economics.annualeconomic.outlook.investing.retirement.rollover.northernlodgethoroughbreds.com.au
,,89.163.146.245,wellsfargo-com-onlinebanking.giyimtrendi.com
,,192.185.108.212,whattamug.com
,,78.31.109.228,winchesterweb.co.uk
,,,wolfnetworks.co.uk
,,208.109.181.173,woodbrookpainting.com
,,209.188.24.242,wren-sc.com
,,202.146.219.9,xd-motion.hk
,,198.1.121.252,yakitoribar.nz
,,192.185.108.212,zdmnetwork.com
,,67.222.3.111,zpetsperu.com
,,186.153.178.52,alejorural.com.ar
,,,carnabras.com
,,192.185.150.110,centralamericarealestateinvestment.com
,,192.185.216.121,citibank.com.my.betomultimarcas.com
,,92.242.132.15,citibank.com.my.shineindia.co
,,,englishisfun.it
,,92.242.132.15,flenet.bancofiei.com
,,213.186.33.18,fondation-saint-thomas.fr
,,66.206.43.190,forristech.com
,,50.63.202.63,free-mobile-voscomptes.com
,,198.38.89.241,galaxy-bd.com
,,50.63.202.48,galaxygirlhair.com
,,108.179.252.34,geraldofirmino.com.br
,,50.63.202.40,gestion-of-your-information.com
,,50.62.53.86,illinoisbmwriders.com
,,93.184.150.19,konyawebtasarimi.net
,,184.168.221.72,lesconcoursquebec.com
,,85.128.210.10,londyn.cosik.pl
,,192.185.95.121,mahabeach.net
,,173.236.189.57,neighborhoodlearning.org
,,184.168.221.37,oz-prolinks.com
,,84.246.226.31,reflexe.locationvoiture-guadeloupe.net
,,192.185.116.91,safeandperfect.com
,,183.90.173.33,salogisticsnetwork.com
,,92.242.132.15,ssorcon.com
,,202.169.44.166,thamrinnine.com
,,167.114.158.222,totalkaronn.com.br
,,103.18.6.137,transpec.vn
,,93.184.150.18,tuyantasarim.com
,,50.63.202.39,urnllimited.com
,,92.242.132.15,webappspypl.com
,,88.198.132.3,yousabiave001.usa.cc
,,173.201.231.29,roanmtbb.com
,,79.172.241.102,sarkanykard.hu
,,69.194.230.43,tranquilbodynmind.com
,,,uaemovers.net
,,89.249.4.65,allanskov.dk
