domain,concept,datasourcename,updtdttm,first_observed_date,total_observations,city,pedigree,confidence_score,datauploadid,segment,netspeed,referential,coordinates,govdatevett,most_recent_observation_time,total_capabilities,insrtdttm,geo_longitude,countryabbrv,commvett,active_boolean,first_observed_time,date,ipaddress,geo_latitude,commdatevett,offenderclass,network_asn,ipaddress_int,govvett,country,isp,uuid,piplelineid,most_recent_observation_date,network_class,threat_score,cog,blranking,model,network_type
,,,,,,,,,,,,,,,,,,,VN,,,,,103.27.60.14,,,,,,,,,,,2013-07-01,,,,,,
,,,,,,,,,,,,,,,,,,,US,,,,,108.174.112.194,,,,,,,,,,,2012-01-19,,,,,,
,,,,,,,,,,,,,,,,,,,US,,,,,107.180.55.21,,,,,,,,,,,2014-02-11,,,,,,
,,,,,,,,,,,,,,,,,,,GB,,,,,92.242.132.15,,,,,,,,,,,2007-12-27,,,,,,
,,,,,,,,,,,,,,,,,,,GB,,,,,92.242.132.15,,,,,,,,,,,2007-12-27,,,,,,
,,,,,,,,,,,,,,,,,,,GB,,,,,92.242.132.15,,,,,,,,,,,2007-12-27,,,,,,
,,,,,,,,,,,,,,,,,,,HK,,,,,210.209.69.88,,,,,,,,,,,2004-12-15,,,,,,
,,,,,,,,,,,,,,,,,,,GB,,,,,92.242.132.15,,,,,,,,,,,2007-12-27,,,,,,
,,,,,,,,,,,,,,,,,,,CN,,,,,118.193.189.55,,,,,,,,,,,2007-10-19,,,,,,
,,,,,,,,,,,,,,,,,,,HK,,,,,43.248.10.173,,,,,,,,,,,2014-09-19,,,,,,
,,,,,,,,,,,,,,,,,,,US,,,,,98.124.243.48,,,,,,,,,,,2008-06-17,,,,,,
,,,,,,,,,,,,,,,,,,,,,,,,,,,,,,,,,,,,,,,,,
,,,,,,,,,,,,,,,,,,,,,,,,,,,,,,,,,,,,,,,,,
,,,,,,,,,,,,,,,,,,,,,,,,,,,,,,,,,,,,,,,,,
,,,,,,,,,,,,,,,,,,,,,,,,,,,,,,,,,,,,,,,,,
,,,,,,,,,,,,,,,,,,,HK,,,,,5.127.204.172,,,,,,,,,,,,,,,,,
,,,,,,,,,,,,,,,,,,,GB,,,,,92.242.132.15,,,,,,,,,,,2007-12-27,,,,,,
,,,,,,,,,,,,,,,,,,,GB,,,,,92.242.132.15,,,,,,,,,,,2007-12-27,,,,,,
,,,,,,,,,,,,,,,,,,,GB,,,,,92.242.132.15,,,,,,,,,,,2007-12-27,,,,,,
,,,,,,,,,,,,,,,,,,,GB,,,,,92.242.132.15,,,,,,,,,,,2007-12-27,,,,,,
,,,,,,,,,,,,,,,,,,,,,,,,,,,,,,,,,,,,,,,,,
,,,,,,,,,,,,,,,,,,,,,,,,,,,,,,,,,,,,,,,,,
,,,,,,,,,,,,,,,,,,,,,,,,,,,,,,,,,,,,,,,,,
,,,,,,,,,,,,,,,,,,,,,,,,,,,,,,,,,,,,,,,,,
,,,,,,,,,,,,,,,,,,,CN,,,,,118.193.247.134,,,,,,,,,,,2007-10-19,,,,,,
,,,,,,,,,,,,,,,,,,,GB,,,,,92.242.132.15,,,,,,,,,,,2007-12-27,,,,,,
,,,,,,,,,,,,,,,,,,,HK,,,,,118.99.23.165,,,,,,,,,,,2009-10-23,,,,,,
,,,,,,,,,,,,,,,,,,,CN,,,,,118.193.237.182,,,,,,,,,,,2007-10-19,,,,,,
,,,,,,,,,,,,,,,,,,,CN,,,,,118.193.173.150,,,,,,,,,,,2007-10-19,,,,,,
,,,,,,,,,,,,,,,,,,,HK,,,,,03.197.157.249,,,,,,,,,,,,,,,,,
,,,,,,,,,,,,,,,,,,,GB,,,,,92.242.132.15,,,,,,,,,,,2007-12-27,,,,,,
,,,,,,,,,,,,,,,,,,,CN,,,,,118.193.172.4,,,,,,,,,,,2007-10-19,,,,,,
,,,,,,,,,,,,,,,,,,,CN,,,,,103.228.128.236,,,,,,,,,,,2014-03-27,,,,,,
,,,,,,,,,,,,,,,,,,,,,,,,,,,,,,,,,,,,,,,,,
,,,,,,,,,,,,,,,,,,,,,,,,,,,,,,,,,,,,,,,,,
,,,,,,,,,,,,,,,,,,,,,,,,,,,,,,,,,,,,,,,,,
,,,,,,,,,,,,,,,,,,,,,,,,,,,,,,,,,,,,,,,,,
,,,,,,,,,,,,,,,,,,,,,,,,,,,,,,,,,,,,,,,,,
,,,,,,,,,,,,,,,,,,,,,,,,,,,,,,,,,,,,,,,,,
,,,,,,,,,,,,,,,,,,,,,,,,,,,,,,,,,,,,,,,,,
,,,,,,,,,,,,,,,,,,,CN,,,,,118.193.172.91,,,,,,,,,,,2007-10-19,,,,,,
,,,,,,,,,,,,,,,,,,,HK,,,,,103.239.73.199,,,,,,,,,,,2014-08-01,,,,,,
,,,,,,,,,,,,,,,,,,,HK,,,,,27.126.180.226,,,,,,,,,,,2010-10-29,,,,,,
,,,,,,,,,,,,,,,,,,,,,,,,,,,,,,,,,,,,,,,,,
,,,,,,,,,,,,,,,,,,,,,,,,,,,,,,,,,,,,,,,,,
,,,,,,,,,,,,,,,,,,,GB,,,,,92.242.132.15,,,,,,,,,,,2007-12-27,,,,,,
,,,,,,,,,,,,,,,,,,,,,,,,,,,,,,,,,,,,,,,,,
,,,,,,,,,,,,,,,,,,,,,,,,,,,,,,,,,,,,,,,,,
,,,,,,,,,,,,,,,,,,,,,,,,,,,,,,,,,,,,,,,,,
,,,,,,,,,,,,,,,,,,,,,,,,,,,,,,,,,,,,,,,,,
,,,,,,,,,,,,,,,,,,,GB,,,,,92.242.132.15,,,,,,,,,,,2007-12-27,,,,,,
,,,,,,,,,,,,,,,,,,,,,,,,,,,,,,,,,,,,,,,,,
,,,,,,,,,,,,,,,,,,,,,,,,,,,,,,,,,,,,,,,,,
,,,,,,,,,,,,,,,,,,,,,,,,,,,,,,,,,,,,,,,,,
,,,,,,,,,,,,,,,,,,,,,,,,,,,,,,,,,,,,,,,,,
,,,,,,,,,,,,,,,,,,,GB,,,,,92.242.132.15,,,,,,,,,,,2007-12-27,,,,,,
,,,,,,,,,,,,,,,,,,,,,,,,,,,,,,,,,,,,,,,,,
,,,,,,,,,,,,,,,,,,,,,,,,,,,,,,,,,,,,,,,,,
,,,,,,,,,,,,,,,,,,,,,,,,,,,,,,,,,,,,,,,,,
,,,,,,,,,,,,,,,,,,,,,,,,,,,,,,,,,,,,,,,,,
,,,,,,,,,,,,,,,,,,,HK,,,,,03.62.148.31,,,,,,,,,,,,,,,,,
,,,,,,,,,,,,,,,,,,,CN,,,,,118.193.189.56,,,,,,,,,,,2007-10-19,,,,,,
,,,,,,,,,,,,,,,,,,,CN,,,,,118.193.189.56,,,,,,,,,,,2007-10-19,,,,,,
,,,,,,,,,,,,,,,,,,,HK,,,,,118.99.23.187,,,,,,,,,,,2009-10-23,,,,,,
,,,,,,,,,,,,,,,,,,,GB,,,,,92.242.132.15,,,,,,,,,,,2007-12-27,,,,,,
,,,,,,,,,,,,,,,,,,,GB,,,,,92.242.132.15,,,,,,,,,,,2007-12-27,,,,,,
,,,,,,,,,,,,,,,,,,,US,,,,,192.210.199.209,,,,,,,,,,,2012-12-11,,,,,,
,,,,,,,,,,,,,,,,,,,US,,,,,50.63.202.19,,,,,,,,,,,2011-02-02,,,,,,
,,,,,,,,,,,,,,,,,,,US,,,,,207.148.248.143,,,,,,,,,,,2002-05-02,,,,,,
,,,,,,,,,,,,,,,,,,,US,,,,,207.148.248.143,,,,,,,,,,,2002-05-02,,,,,,
,,,,,,,,,,,,,,,,,,,DK,,,,,46.30.212.13,,,,,,,,,,,2010-09-08,,,,,,
,,,,,,,,,,,,,,,,,,,US,,,,,75.126.211.188,,,,,,,,,,,2006-05-12,,,,,,
,,,,,,,,,,,,,,,,,,,US,,,,,50.63.202.24,,,,,,,,,,,2011-02-02,,,,,,
,,,,,,,,,,,,,,,,,,,US,,,,,8.143.148.173,,,,,,,,,,,,,,,,,
,,,,,,,,,,,,,,,,,,,US,,,,,209.135.214.28,,,,,,,,,,,,,,,,,
,,,,,,,,,,,,,,,,,,,US,,,,,184.168.221.8,,,,,,,,,,,2010-09-21,,,,,,
,,,,,,,,,,,,,,,,,,,US,,,,,50.63.202.55,,,,,,,,,,,2011-02-02,,,,,,
,,,,,,,,,,,,,,,,,,,,,,,,,,,,,,,,,,,,,,,,,
,,,,,,,,,,,,,,,,,,,US,,,,,184.168.47.225,,,,,,,,,,,2010-09-21,,,,,,
,,,,,,,,,,,,,,,,,,,US,,,,,8.143.148.173,,,,,,,,,,,,,,,,,
,,,,,,,,,,,,,,,,,,,TH,,,,,1.19.246.46,,,,,,,,,,,,,,,,,
,,,,,,,,,,,,,,,,,,,CN,,,,,1.129.33.149,,,,,,,,,,,,,,,,,
,,,,,,,,,,,,,,,,,,,US,,,,,72.52.4.90,,,,,,,,,,,2005-07-11,,,,,,
,,,,,,,,,,,,,,,,,,,DE,,,,,12.227.213.125,,,,,,,,,,,,,,,,,
,,,,,,,,,,,,,,,,,,,US,,,,,23.236.62.147,,,,,,,,,,,2013-10-21,,,,,,
,,,,,,,,,,,,,,,,,,,ES,,,,,77.240.123.180,,,,,,,,,,,2007-01-11,,,,,,
,,,,,,,,,,,,,,,,,,,,,,,,,,,,,,,,,,,,,,,,,
,,,,,,,,,,,,,,,,,,,GB,,,,,178.238.137.166,,,,,,,,,,,2010-07-16,,,,,,
,,,,,,,,,,,,,,,,,,,US,,,,,192.185.108.212,,,,,,,,,,,2013-07-22,,,,,,
,,,,,,,,,,,,,,,,,,,US,,,,,162.144.35.222,,,,,,,,,,,2013-03-01,,,,,,
,,,,,,,,,,,,,,,,,,,NL,,,,,195.20.55.112,,,,,,,,,,,,,,,,,
,,,,,,,,,,,,,,,,,,,PL,,,,,89.161.243.24,,,,,,,,,,,2006-02-15,,,,,,
,,,,,,,,,,,,,,,,,,,US,,,,,192.185.108.212,,,,,,,,,,,2013-07-22,,,,,,
,,,,,,,,,,,,,,,,,,,US,,,,,67.222.12.107,,,,,,,,,,,2008-01-29,,,,,,
,,,,,,,,,,,,,,,,,,,US,,,,,67.222.12.107,,,,,,,,,,,2008-01-29,,,,,,
,,,,,,,,,,,,,,,,,,,US,,,,,67.222.12.107,,,,,,,,,,,2008-01-29,,,,,,
,,,,,,,,,,,,,,,,,,,US,,,,,108.175.157.44,,,,,,,,,,,2012-02-28,,,,,,
,,,,,,,,,,,,,,,,,,,SG,,,,,119.81.50.203,,,,,,,,,,,2008-01-29,,,,,,
,,,,,,,,,,,,,,,,,,,US,,,,,72.167.183.17,,,,,,,,,,,2007-07-05,,,,,,
,,,,,,,,,,,,,,,,,,,US,,,,,173.199.120.43,,,,,,,,,,,2010-09-29,,,,,,
,,,,,,,,,,,,,,,,,,,GB,,,,,5.77.63.52,,,,,,,,,,,2012-06-13,,,,,,
,,,,,,,,,,,,,,,,,,,US,,,,,69.162.73.226,,,,,,,,,,,2008-06-27,,,,,,
,,,,,,,,,,,,,,,,,,,US,,,,,192.185.144.207,,,,,,,,,,,2013-07-22,,,,,,
,,,,,,,,,,,,,,,,,,,VN,,,,,112.213.89.30,,,,,,,,,,,2009-02-20,,,,,,
,,,,,,,,,,,,,,,,,,,GB,,,,,92.242.132.15,,,,,,,,,,,2007-12-27,,,,,,
,,,,,,,,,,,,,,,,,,,US,,,,,198.15.115.235,,,,,,,,,,,2012-07-20,,,,,,
,,,,,,,,,,,,,,,,,,,US,,,,,67.225.140.60,,,,,,,,,,,2007-11-26,,,,,,
,,,,,,,,,,,,,,,,,,,GB,,,,,5.77.63.52,,,,,,,,,,,2012-06-13,,,,,,
,,,,,,,,,,,,,,,,,,,US,,,,,192.250.225.49,,,,,,,,,,,2013-06-06,,,,,,
,,,,,,,,,,,,,,,,,,,BR,,,,,131.100.50.4,,,,,,,,,,,2014-08-11,,,,,,
,,,,,,,,,,,,,,,,,,,BG,,,,,37.60.255.97,,,,,,,,,,,2012-01-20,,,,,,
,,,,,,,,,,,,,,,,,,,GB,,,,,92.242.132.15,,,,,,,,,,,2007-12-27,,,,,,
,,,,,,,,,,,,,,,,,,,US,,,,,192.186.250.8,,,,,,,,,,,2013-08-02,,,,,,
,,,,,,,,,,,,,,,,,,,US,,,,,192.185.108.212,,,,,,,,,,,2013-07-22,,,,,,
,,,,,,,,,,,,,,,,,,,US,,,,,192.185.77.116,,,,,,,,,,,2013-07-22,,,,,,
,,,,,,,,,,,,,,,,,,,US,,,,,199.116.248.176,,,,,,,,,,,2011-05-09,,,,,,
,,,,,,,,,,,,,,,,,,,US,,,,,64.92.125.39,,,,,,,,,,,2002-05-30,,,,,,
,,,,,,,,,,,,,,,,,,,US,,,,,192.185.216.121,,,,,,,,,,,2013-07-22,,,,,,
,,,,,,,,,,,,,,,,,,,US,,,,,162.144.77.64,,,,,,,,,,,2013-03-01,,,,,,
,,,,,,,,,,,,,,,,,,,US,,,,,162.144.35.222,,,,,,,,,,,2013-03-01,,,,,,
,,,,,,,,,,,,,,,,,,,GB,,,,,78.129.155.106,,,,,,,,,,,2007-04-18,,,,,,
,,,,,,,,,,,,,,,,,,,US,,,,,107.180.50.169,,,,,,,,,,,2014-02-11,,,,,,
,,,,,,,,,,,,,,,,,,,HU,,,,,79.172.211.3,,,,,,,,,,,2007-10-25,,,,,,
,,,,,,,,,,,,,,,,,,,DE,,,,,178.63.48.9,,,,,,,,,,,2010-03-02,,,,,,
,,,,,,,,,,,,,,,,,,,US,,,,,216.172.172.182,,,,,,,,,,,2011-06-28,,,,,,
,,,,,,,,,,,,,,,,,,,GB,,,,,92.242.132.15,,,,,,,,,,,2007-12-27,,,,,,
,,,,,,,,,,,,,,,,,,,BR,,,,,131.100.50.4,,,,,,,,,,,2014-08-11,,,,,,
,,,,,,,,,,,,,,,,,,,BR,,,,,131.100.50.4,,,,,,,,,,,2014-08-11,,,,,,
,,,,,,,,,,,,,,,,,,,US,,,,,67.225.140.60,,,,,,,,,,,2007-11-26,,,,,,
,,,,,,,,,,,,,,,,,,,US,,,,,192.185.216.124,,,,,,,,,,,2013-07-22,,,,,,
,,,,,,,,,,,,,,,,,,,,,,,,,,,,,,,,,,,,,,,,,
,,,,,,,,,,,,,,,,,,,BR,,,,,131.100.50.4,,,,,,,,,,,2014-08-11,,,,,,
,,,,,,,,,,,,,,,,,,,US,,,,,192.185.216.126,,,,,,,,,,,2013-07-22,,,,,,
,,,,,,,,,,,,,,,,,,,GB,,,,,176.32.230.26,,,,,,,,,,,2011-05-24,,,,,,
,,,,,,,,,,,,,,,,,,,GB,,,,,92.242.132.15,,,,,,,,,,,2007-12-27,,,,,,
,,,,,,,,,,,,,,,,,,,DE,,,,,17.160.197.65,,,,,,,,,,,,,,,,,
,,,,,,,,,,,,,,,,,,,US,,,,,208.86.253.147,,,,,,,,,,,2008-02-07,,,,,,
,,,,,,,,,,,,,,,,,,,US,,,,,199.217.115.188,,,,,,,,,,,2012-06-21,,,,,,
,,,,,,,,,,,,,,,,,,,US,,,,,160.153.162.17,,,,,,,,,,,2011-09-01,,,,,,
,,,,,,,,,,,,,,,,,,,US,,,,,173.195.176.54,,,,,,,,,,,2010-09-17,,,,,,
,,,,,,,,,,,,,,,,,,,US,,,,,192.185.108.212,,,,,,,,,,,2013-07-22,,,,,,
,,,,,,,,,,,,,,,,,,,IT,,,,,4.141.21.135,,,,,,,,,,,,,,,,,
,,,,,,,,,,,,,,,,,,,IT,,,,,62.149.128.166,,,,,,,,,,,2000-01-01,,,,,,
,,,,,,,,,,,,,,,,,,,CA,,,,,192.99.210.152,,,,,,,,,,,2013-06-17,,,,,,
,,,,,,,,,,,,,,,,,,,US,,,,,67.222.12.107,,,,,,,,,,,2008-01-29,,,,,,
,,,,,,,,,,,,,,,,,,,US,,,,,67.222.3.111,,,,,,,,,,,2008-01-29,,,,,,
,,,,,,,,,,,,,,,,,,,US,,,,,192.185.216.123,,,,,,,,,,,2013-07-22,,,,,,
,,,,,,,,,,,,,,,,,,,US,,,,,23.229.151.192,,,,,,,,,,,2013-09-17,,,,,,
,,,,,,,,,,,,,,,,,,,US,,,,,192.185.108.212,,,,,,,,,,,2013-07-22,,,,,,
,,,,,,,,,,,,,,,,,,,US,,,,,192.185.108.212,,,,,,,,,,,2013-07-22,,,,,,
,,,,,,,,,,,,,,,,,,,JP,,,,,57.7.107.42,,,,,,,,,,,,,,,,,
,,,,,,,,,,,,,,,,,,,US,,,,,192.185.108.212,,,,,,,,,,,2013-07-22,,,,,,
,,,,,,,,,,,,,,,,,,,US,,,,,50.28.9.112,,,,,,,,,,,2010-11-04,,,,,,
,,,,,,,,,,,,,,,,,,,US,,,,,50.63.147.89,,,,,,,,,,,2011-02-02,,,,,,
,,,,,,,,,,,,,,,,,,,US,,,,,50.116.112.159,,,,,,,,,,,2011-09-07,,,,,,
,,,,,,,,,,,,,,,,,,,ES,,,,,5.134.116.71,,,,,,,,,,,2012-07-10,,,,,,
,,,,,,,,,,,,,,,,,,,US,,,,,3.247.87.242,,,,,,,,,,,,,,,,,
,,,,,,,,,,,,,,,,,,,SG,,,,,203.124.119.1,,,,,,,,,,,2010-04-19,,,,,,
,,,,,,,,,,,,,,,,,,,US,,,,,31.170.164.210,,,,,,,,,,,2011-03-30,,,,,,
,,,,,,,,,,,,,,,,,,,US,,,,,3.247.87.242,,,,,,,,,,,,,,,,,
,,,,,,,,,,,,,,,,,,,GB,,,,,5.77.63.52,,,,,,,,,,,2012-06-13,,,,,,
,,,,,,,,,,,,,,,,,,,US,,,,,107.180.44.156,,,,,,,,,,,2014-02-11,,,,,,
,,,,,,,,,,,,,,,,,,,US,,,,,192.185.108.212,,,,,,,,,,,2013-07-22,,,,,,
,,,,,,,,,,,,,,,,,,,US,,,,,69.89.31.161,,,,,,,,,,,2006-10-02,,,,,,
,,,,,,,,,,,,,,,,,,,AU,,,,,43.250.248.10,,,,,,,,,,,2014-11-03,,,,,,
,,,,,,,,,,,,,,,,,,,GB,,,,,92.242.132.15,,,,,,,,,,,2007-12-27,,,,,,
,,,,,,,,,,,,,,,,,,,GB,,,,,31.193.3.6,,,,,,,,,,,2011-04-21,,,,,,
,,,,,,,,,,,,,,,,,,,US,,,,,192.185.108.212,,,,,,,,,,,2013-07-22,,,,,,
,,,,,,,,,,,,,,,,,,,US,,,,,148.163.99.29,,,,,,,,,,,2014-06-06,,,,,,
,,,,,,,,,,,,,,,,,,,US,,,,,198.58.93.52,,,,,,,,,,,2012-08-09,,,,,,
,,,,,,,,,,,,,,,,,,,IN,,,,,103.14.98.131,,,,,,,,,,,2012-07-05,,,,,,
,,,,,,,,,,,,,,,,,,,US,,,,,66.175.58.9,,,,,,,,,,,2001-10-03,,,,,,
,,,,,,,,,,,,,,,,,,,IT,,,,,46.30.244.130,,,,,,,,,,,2011-08-23,,,,,,
,,,,,,,,,,,,,,,,,,,US,,,,,107.180.50.186,,,,,,,,,,,2014-02-11,,,,,,
,,,,,,,,,,,,,,,,,,,AU,,,,,202.22.163.23,,,,,,,,,,,2000-12-28,,,,,,
,,,,,,,,,,,,,,,,,,,US,,,,,199.231.189.251,,,,,,,,,,,2012-07-12,,,,,,
,,,,,,,,,,,,,,,,,,,DE,,,,,46.4.122.252,,,,,,,,,,,2010-08-19,,,,,,
,,,,,,,,,,,,,,,,,,,RU,,,,,91.201.215.220,,,,,,,,,,,2012-08-13,,,,,,
,,,,,,,,,,,,,,,,,,,US,,,,,192.185.103.70,,,,,,,,,,,2013-07-22,,,,,,
,,,,,,,,,,,,,,,,,,,IT,,,,,81.88.48.78,,,,,,,,,,,2006-04-10,,,,,,
,,,,,,,,,,,,,,,,,,,US,,,,,192.185.108.212,,,,,,,,,,,2013-07-22,,,,,,
,,,,,,,,,,,,,,,,,,,US,,,,,160.153.16.27,,,,,,,,,,,2011-09-01,,,,,,
,,,,,,,,,,,,,,,,,,,US,,,,,192.185.108.212,,,,,,,,,,,2013-07-22,,,,,,
,,,,,,,,,,,,,,,,,,,US,,,,,192.185.108.212,,,,,,,,,,,2013-07-22,,,,,,
,,,,,,,,,,,,,,,,,,,GB,,,,,94.229.164.69,,,,,,,,,,,2008-11-25,,,,,,
,,,,,,,,,,,,,,,,,,,US,,,,,192.185.136.34,,,,,,,,,,,2013-07-22,,,,,,
,,,,,,,,,,,,,,,,,,,,,,,,,,,,,,,,,,,,,,,,,
,,,,,,,,,,,,,,,,,,,US,,,,,198.187.29.12,,,,,,,,,,,2012-09-18,,,,,,
,,,,,,,,,,,,,,,,,,,GB,,,,,92.242.132.15,,,,,,,,,,,2007-12-27,,,,,,
,,,,,,,,,,,,,,,,,,,AU,,,,,203.33.171.111,,,,,,,,,,,,,,,,,
,,,,,,,,,,,,,,,,,,,BR,,,,,131.100.50.4,,,,,,,,,,,2014-08-11,,,,,,
,,,,,,,,,,,,,,,,,,,US,,,,,50.62.23.160,,,,,,,,,,,2011-02-02,,,,,,
,,,,,,,,,,,,,,,,,,,US,,,,,206.188.192.240,,,,,,,,,,,2005-07-25,,,,,,
,,,,,,,,,,,,,,,,,,,US,,,,,192.185.211.207,,,,,,,,,,,2013-07-22,,,,,,
,,,,,,,,,,,,,,,,,,,BR,,,,,187.45.180.235,,,,,,,,,,,2009-08-06,,,,,,
,,,,,,,,,,,,,,,,,,,US,,,,,108.170.54.199,,,,,,,,,,,2012-01-23,,,,,,
,,,,,,,,,,,,,,,,,,,US,,,,,192.250.229.18,,,,,,,,,,,2013-06-06,,,,,,
,,,,,,,,,,,,,,,,,,,US,,,,,192.185.108.212,,,,,,,,,,,2013-07-22,,,,,,
,,,,,,,,,,,,,,,,,,,US,,,,,69.89.31.95,,,,,,,,,,,2006-10-02,,,,,,
,,,,,,,,,,,,,,,,,,,US,,,,,148.163.99.29,,,,,,,,,,,2014-06-06,,,,,,
,,,,,,,,,,,,,,,,,,,BR,,,,,131.100.50.4,,,,,,,,,,,2014-08-11,,,,,,
,,,,,,,,,,,,,,,,,,,VN,,,,,112.78.2.181,,,,,,,,,,,2008-12-31,,,,,,
,,,,,,,,,,,,,,,,,,,US,,,,,192.185.216.123,,,,,,,,,,,2013-07-22,,,,,,
,,,,,,,,,,,,,,,,,,,VN,,,,,125.253.113.210,,,,,,,,,,,2010-12-29,,,,,,
,,,,,,,,,,,,,,,,,,,US,,,,,3.247.87.242,,,,,,,,,,,,,,,,,
,,,,,,,,,,,,,,,,,,,US,,,,,184.168.164.1,,,,,,,,,,,2010-09-21,,,,,,
,,,,,,,,,,,,,,,,,,,US,,,,,3.247.87.242,,,,,,,,,,,,,,,,,
,,,,,,,,,,,,,,,,,,,US,,,,,184.168.27.82,,,,,,,,,,,2010-09-21,,,,,,
,,,,,,,,,,,,,,,,,,,US,,,,,50.87.104.150,,,,,,,,,,,2011-01-24,,,,,,
,,,,,,,,,,,,,,,,,,,US,,,,,192.185.140.208,,,,,,,,,,,2013-07-22,,,,,,
,,,,,,,,,,,,,,,,,,,US,,,,,184.168.221.14,,,,,,,,,,,2010-09-21,,,,,,
,,,,,,,,,,,,,,,,,,,US,,,,,192.185.108.212,,,,,,,,,,,2013-07-22,,,,,,
,,,,,,,,,,,,,,,,,,,US,,,,,209.188.24.242,,,,,,,,,,,2004-05-18,,,,,,
,,,,,,,,,,,,,,,,,,,US,,,,,209.188.24.242,,,,,,,,,,,2004-05-18,,,,,,
,,,,,,,,,,,,,,,,,,,BR,,,,,131.100.50.4,,,,,,,,,,,2014-08-11,,,,,,
,,,,,,,,,,,,,,,,,,,NL,,,,,5.153.10.230,,,,,,,,,,,2012-07-19,,,,,,
,,,,,,,,,,,,,,,,,,,BR,,,,,131.100.50.4,,,,,,,,,,,2014-08-11,,,,,,
,,,,,,,,,,,,,,,,,,,US,,,,,184.168.27.81,,,,,,,,,,,2010-09-21,,,,,,
,,,,,,,,,,,,,,,,,,,US,,,,,107.180.55.19,,,,,,,,,,,2014-02-11,,,,,,
,,,,,,,,,,,,,,,,,,,US,,,,,184.168.221.57,,,,,,,,,,,2010-09-21,,,,,,
,,,,,,,,,,,,,,,,,,,US,,,,,199.59.243.120,,,,,,,,,,,2010-12-09,,,,,,
,,,,,,,,,,,,,,,,,,,US,,,,,104.31.91.6,,,,,,,,,,,2014-03-28,,,,,,
,,,,,,,,,,,,,,,,,,,US,,,,,184.168.221.72,,,,,,,,,,,2010-09-21,,,,,,
,,,,,,,,,,,,,,,,,,,US,,,,,192.185.108.212,,,,,,,,,,,2013-07-22,,,,,,
,,,,,,,,,,,,,,,,,,,NL,,,,,5.10.68.188,,,,,,,,,,,2012-04-27,,,,,,
,,,,,,,,,,,,,,,,,,,US,,,,,192.185.108.212,,,,,,,,,,,2013-07-22,,,,,,
,,,,,,,,,,,,,,,,,,,ES,,,,,92.43.23.27,,,,,,,,,,,2008-01-03,,,,,,
,,,,,,,,,,,,,,,,,,,US,,,,,3.247.87.242,,,,,,,,,,,,,,,,,
,,,,,,,,,,,,,,,,,,,RU,,,,,1.177.165.132,,,,,,,,,,,,,,,,,
,,,,,,,,,,,,,,,,,,,US,,,,,72.47.232.212,,,,,,,,,,,2007-05-30,,,,,,
,,,,,,,,,,,,,,,,,,,BR,,,,,131.100.50.4,,,,,,,,,,,2014-08-11,,,,,,
,,,,,,,,,,,,,,,,,,,US,,,,,192.185.20.88,,,,,,,,,,,2013-07-22,,,,,,
,,,,,,,,,,,,,,,,,,,US,,,,,192.185.48.175,,,,,,,,,,,2013-07-22,,,,,,
,,,,,,,,,,,,,,,,,,,US,,,,,192.185.108.212,,,,,,,,,,,2013-07-22,,,,,,
,,,,,,,,,,,,,,,,,,,PT,,,,,94.8.30.56,,,,,,,,,,,,,,,,,
,,,,,,,,,,,,,,,,,,,GB,,,,,92.242.132.15,,,,,,,,,,,2007-12-27,,,,,,
,,,,,,,,,,,,,,,,,,,GB,,,,,92.242.132.15,,,,,,,,,,,2007-12-27,,,,,,
,,,,,,,,,,,,,,,,,,,US,,,,,107.180.55.60,,,,,,,,,,,2014-02-11,,,,,,
,,,,,,,,,,,,,,,,,,,BR,,,,,131.100.50.4,,,,,,,,,,,2014-08-11,,,,,,
,,,,,,,,,,,,,,,,,,,US,,,,,108.167.143.137,,,,,,,,,,,2011-12-27,,,,,,
,,,,,,,,,,,,,,,,,,,VN,,,,,112.78.1.54,,,,,,,,,,,2008-12-31,,,,,,
,,,,,,,,,,,,,,,,,,,MX,,,,,201.175.20.195,,,,,,,,,,,2007-05-15,,,,,,
,,,,,,,,,,,,,,,,,,,US,,,,,216.97.233.15,,,,,,,,,,,2008-08-11,,,,,,
,,,,,,,,,,,,,,,,,,,GB,,,,,92.242.132.15,,,,,,,,,,,2007-12-27,,,,,,
,,,,,,,,,,,,,,,,,,,CL,,,,,200.63.98.13,,,,,,,,,,,2008-05-15,,,,,,
,,,,,,,,,,,,,,,,,,,US,,,,,184.154.52.138,,,,,,,,,,,2010-06-21,,,,,,
,,,,,,,,,,,,,,,,,,,GB,,,,,92.242.132.15,,,,,,,,,,,2007-12-27,,,,,,
,,,,,,,,,,,,,,,,,,,,,,,,,,,,,,,,,,,,,,,,,
,,,,,,,,,,,,,,,,,,,US,,,,,192.185.182.16,,,,,,,,,,,2013-07-22,,,,,,
,,,,,,,,,,,,,,,,,,,US,,,,,192.185.108.212,,,,,,,,,,,2013-07-22,,,,,,
,,,,,,,,,,,,,,,,,,,US,,,,,67.222.3.111,,,,,,,,,,,2008-01-29,,,,,,
,,,,,,,,,,,,,,,,,,,GB,,,,,94.76.208.180,,,,,,,,,,,2008-08-07,,,,,,
,,,,,,,,,,,,,,,,,,,US,,,,,199.7.109.98,,,,,,,,,,,2011-09-22,,,,,,
,,,,,,,,,,,,,,,,,,,US,,,,,192.185.73.5,,,,,,,,,,,2013-07-22,,,,,,
,,,,,,,,,,,,,,,,,,,,,,,,,,,,,,,,,,,,,,,,,
,,,,,,,,,,,,,,,,,,,US,,,,,173.236.108.101,,,,,,,,,,,2010-03-23,,,,,,
,,,,,,,,,,,,,,,,,,,US,,,,,107.180.54.254,,,,,,,,,,,2014-02-11,,,,,,
,,,,,,,,,,,,,,,,,,,US,,,,,209.236.113.230,,,,,,,,,,,2010-03-01,,,,,,
,,,,,,,,,,,,,,,,,,,GB,,,,,78.129.162.8,,,,,,,,,,,2007-04-18,,,,,,
,,,,,,,,,,,,,,,,,,,US,,,,,50.87.144.126,,,,,,,,,,,2011-01-24,,,,,,
,,,,,,,,,,,,,,,,,,,CL,,,,,00.27.142.126,,,,,,,,,,,,,,,,,
,,,,,,,,,,,,,,,,,,,,,,,,,,,,,,,,,,,,,,,,,
,,,,,,,,,,,,,,,,,,,US,,,,,09.141.38.230,,,,,,,,,,,,,,,,,
,,,,,,,,,,,,,,,,,,,BG,,,,,87.121.52.219,,,,,,,,,,,2005-07-12,,,,,,
,,,,,,,,,,,,,,,,,,,CL,,,,,186.64.115.90,,,,,,,,,,,2012-11-26,,,,,,
,,,,,,,,,,,,,,,,,,,US,,,,,69.89.31.84,,,,,,,,,,,2006-10-02,,,,,,
,,,,,,,,,,,,,,,,,,,US,,,,,199.83.129.182,,,,,,,,,,,2011-01-14,,,,,,
,,,,,,,,,,,,,,,,,,,US,,,,,104.37.35.66,,,,,,,,,,,2014-06-23,,,,,,
,,,,,,,,,,,,,,,,,,,US,,,,,69.162.73.226,,,,,,,,,,,2008-06-27,,,,,,
,,,,,,,,,,,,,,,,,,,NL,,,,,195.20.46.124,,,,,,,,,,,,,,,,,
,,,,,,,,,,,,,,,,,,,DE,,,,,1.169.145.77,,,,,,,,,,,,,,,,,
,,,,,,,,,,,,,,,,,,,BR,,,,,131.100.50.4,,,,,,,,,,,2014-08-11,,,,,,
,,,,,,,,,,,,,,,,,,,US,,,,,192.185.108.212,,,,,,,,,,,2013-07-22,,,,,,
,,,,,,,,,,,,,,,,,,,ZA,,,,,196.22.132.252,,,,,,,,,,,2005-06-08,,,,,,
,,,,,,,,,,,,,,,,,,,US,,,,,198.57.132.25,,,,,,,,,,,2012-07-27,,,,,,
,,,,,,,,,,,,,,,,,,,US,,,,,107.180.51.245,,,,,,,,,,,2014-02-11,,,,,,
,,,,,,,,,,,,,,,,,,,US,,,,,192.254.235.131,,,,,,,,,,,2013-06-11,,,,,,
,,,,,,,,,,,,,,,,,,,PL,,,,,77.79.239.196,,,,,,,,,,,2007-03-14,,,,,,
,,,,,,,,,,,,,,,,,,,DE,,,,,88.198.59.7,,,,,,,,,,,2005-12-27,,,,,,
,,,,,,,,,,,,,,,,,,,US,,,,,192.250.229.18,,,,,,,,,,,2013-06-06,,,,,,
,,,,,,,,,,,,,,,,,,,US,,,,,192.185.108.212,,,,,,,,,,,2013-07-22,,,,,,
,,,,,,,,,,,,,,,,,,,US,,,,,184.168.47.225,,,,,,,,,,,2010-09-21,,,,,,
,,,,,,,,,,,,,,,,,,,US,,,,,69.195.124.142,,,,,,,,,,,2010-07-01,,,,,,
,,,,,,,,,,,,,,,,,,,RS,,,,,46.22.145.58,,,,,,,,,,,2010-11-29,,,,,,
,,,,,,,,,,,,,,,,,,,US,,,,,69.195.124.109,,,,,,,,,,,2010-07-01,,,,,,
,,,,,,,,,,,,,,,,,,,US,,,,,173.254.82.241,,,,,,,,,,,2010-10-05,,,,,,
,,,,,,,,,,,,,,,,,,,US,,,,,192.185.148.192,,,,,,,,,,,2013-07-22,,,,,,
,,,,,,,,,,,,,,,,,,,DE,,,,,148.251.20.89,,,,,,,,,,,,,,,,,
,,,,,,,,,,,,,,,,,,,GB,,,,,92.242.132.15,,,,,,,,,,,2007-12-27,,,,,,
,,,,,,,,,,,,,,,,,,,US,,,,,107.180.54.175,,,,,,,,,,,2014-02-11,,,,,,
,,,,,,,,,,,,,,,,,,,US,,,,,74.85.244.2,,,,,,,,,,,2007-05-25,,,,,,
,,,,,,,,,,,,,,,,,,,,,,,,,,,,,,,,,,,,,,,,,
,,,,,,,,,,,,,,,,,,,US,,,,,192.185.13.193,,,,,,,,,,,2013-07-22,,,,,,
,,,,,,,,,,,,,,,,,,,IN,,,,,119.18.48.37,,,,,,,,,,,2011-02-23,,,,,,
,,,,,,,,,,,,,,,,,,,US,,,,,67.222.158.172,,,,,,,,,,,2008-02-04,,,,,,
,,,,,,,,,,,,,,,,,,,US,,,,,192.185.108.212,,,,,,,,,,,2013-07-22,,,,,,
,,,,,,,,,,,,,,,,,,,US,,,,,23.229.134.224,,,,,,,,,,,2013-09-17,,,,,,
,,,,,,,,,,,,,,,,,,,US,,,,,199.195.146.189,,,,,,,,,,,2011-09-15,,,,,,
,,,,,,,,,,,,,,,,,,,NL,,,,,5.153.10.230,,,,,,,,,,,2012-07-19,,,,,,
,,,,,,,,,,,,,,,,,,,US,,,,,199.7.109.82,,,,,,,,,,,2011-09-22,,,,,,
,,,,,,,,,,,,,,,,,,,IT,,,,,95.110.234.179,,,,,,,,,,,2008-12-18,,,,,,
,,,,,,,,,,,,,,,,,,,CA,,,,,209.151.129.175,,,,,,,,,,,,,,,,,
,,,,,,,,,,,,,,,,,,,UA,,,,,176.114.1.15,,,,,,,,,,,2012-04-10,,,,,,
,,,,,,,,,,,,,,,,,,,SK,,,,,92.240.253.107,,,,,,,,,,,2007-11-26,,,,,,
,,,,,,,,,,,,,,,,,,,US,,,,,192.232.249.212,,,,,,,,,,,2013-05-16,,,,,,
,,,,,,,,,,,,,,,,,,,US,,,,,192.185.17.207,,,,,,,,,,,2013-07-22,,,,,,
,,,,,,,,,,,,,,,,,,,US,,,,,207.210.203.123,,,,,,,,,,,2005-04-25,,,,,,
,,,,,,,,,,,,,,,,,,,US,,,,,207.210.203.123,,,,,,,,,,,2005-04-25,,,,,,
,,,,,,,,,,,,,,,,,,,US,,,,,207.210.203.123,,,,,,,,,,,2005-04-25,,,,,,
,,,,,,,,,,,,,,,,,,,US,,,,,50.116.112.157,,,,,,,,,,,2011-09-07,,,,,,
,,,,,,,,,,,,,,,,,,,US,,,,,72.47.228.108,,,,,,,,,,,2007-05-30,,,,,,
,,,,,,,,,,,,,,,,,,,US,,,,,192.185.184.63,,,,,,,,,,,2013-07-22,,,,,,
,,,,,,,,,,,,,,,,,,,IT,,,,,,,,,,,,,,,,,,,,,,
,,,,,,,,,,,,,,,,,,,US,,,,,192.185.108.212,,,,,,,,,,,2013-07-22,,,,,,
,,,,,,,,,,,,,,,,,,,IT,,,,,149.3.144.212,,,,,,,,,,,2011-07-21,,,,,,
,,,,,,,,,,,,,,,,,,,US,,,,,192.185.51.96,,,,,,,,,,,2013-07-22,,,,,,
,,,,,,,,,,,,,,,,,,,BR,,,,,200.219.245.141,,,,,,,,,,,2000-09-11,,,,,,
,,,,,,,,,,,,,,,,,,,US,,,,,143.95.41.146,,,,,,,,,,,,,,,,,
,,,,,,,,,,,,,,,,,,,US,,,,,192.185.216.126,,,,,,,,,,,2013-07-22,,,,,,
,,,,,,,,,,,,,,,,,,,GB,,,,,92.242.132.15,,,,,,,,,,,2007-12-27,,,,,,
,,,,,,,,,,,,,,,,,,,US,,,,,192.185.108.212,,,,,,,,,,,2013-07-22,,,,,,
,,,,,,,,,,,,,,,,,,,US,,,,,69.89.31.81,,,,,,,,,,,2006-10-02,,,,,,
,,,,,,,,,,,,,,,,,,,US,,,,,192.185.108.212,,,,,,,,,,,2013-07-22,,,,,,
,,,,,,,,,,,,,,,,,,,US,,,,,192.185.179.102,,,,,,,,,,,2013-07-22,,,,,,
,,,,,,,,,,,,,,,,,,,US,,,,,192.185.83.90,,,,,,,,,,,2013-07-22,,,,,,
,,,,,,,,,,,,,,,,,,,US,,,,,198.20.224.220,,,,,,,,,,,2013-04-08,,,,,,
,,,,,,,,,,,,,,,,,,,US,,,,,3.247.87.242,,,,,,,,,,,,,,,,,
,,,,,,,,,,,,,,,,,,,US,,,,,192.185.108.212,,,,,,,,,,,2013-07-22,,,,,,
,,,,,,,,,,,,,,,,,,,DE,,,,,176.9.41.162,,,,,,,,,,,2011-05-17,,,,,,
,,,,,,,,,,,,,,,,,,,GB,,,,,92.242.132.15,,,,,,,,,,,2007-12-27,,,,,,
,,,,,,,,,,,,,,,,,,,US,,,,,67.225.140.60,,,,,,,,,,,2007-11-26,,,,,,
,,,,,,,,,,,,,,,,,,,US,,,,,67.225.140.60,,,,,,,,,,,2007-11-26,,,,,,
,,,,,,,,,,,,,,,,,,,PL,,,,,109.95.156.4,,,,,,,,,,,2010-01-04,,,,,,
,,,,,,,,,,,,,,,,,,,US,,,,,173.236.156.169,,,,,,,,,,,2010-03-30,,,,,,
,,,,,,,,,,,,,,,,,,,US,,,,,209.99.40.222,,,,,,,,,,,2000-08-23,,,,,,
,,,,,,,,,,,,,,,,,,,BR,,,,,186.202.127.109,,,,,,,,,,,2010-04-29,,,,,,
,,,,,,,,,,,,,,,,,,,US,,,,,50.62.56.87,,,,,,,,,,,2011-02-02,,,,,,
,,,,,,,,,,,,,,,,,,,US,,,,,192.185.108.212,,,,,,,,,,,2013-07-22,,,,,,
,,,,,,,,,,,,,,,,,,,US,,,,,192.185.108.212,,,,,,,,,,,2013-07-22,,,,,,
,,,,,,,,,,,,,,,,,,,US,,,,,192.185.108.212,,,,,,,,,,,2013-07-22,,,,,,
,,,,,,,,,,,,,,,,,,,US,,,,,192.185.108.212,,,,,,,,,,,2013-07-22,,,,,,
,,,,,,,,,,,,,,,,,,,BR,,,,,191.252.4.20,,,,,,,,,,,2013-12-20,,,,,,
,,,,,,,,,,,,,,,,,,,BR,,,,,131.100.50.4,,,,,,,,,,,2014-08-11,,,,,,
,,,,,,,,,,,,,,,,,,,CH,,,,,194.150.248.52,,,,,,,,,,,2004-07-12,,,,,,
,,,,,,,,,,,,,,,,,,,US,,,,,216.172.168.186,,,,,,,,,,,2011-06-28,,,,,,
,,,,,,,,,,,,,,,,,,,AU,,,,,125.214.76.151,,,,,,,,,,,2008-11-25,,,,,,
,,,,,,,,,,,,,,,,,,,US,,,,,107.180.24.242,,,,,,,,,,,2014-02-11,,,,,,
,,,,,,,,,,,,,,,,,,,AT,,,,,81.19.145.30,,,,,,,,,,,2005-11-18,,,,,,
,,,,,,,,,,,,,,,,,,,US,,,,,192.185.108.212,,,,,,,,,,,2013-07-22,,,,,,
,,,,,,,,,,,,,,,,,,,CZ,,,,,81.31.45.77,,,,,,,,,,,2002-05-28,,,,,,
,,,,,,,,,,,,,,,,,,,US,,,,,64.64.9.25,,,,,,,,,,,2010-03-26,,,,,,
,,,,,,,,,,,,,,,,,,,KZ,,,,,195.210.46.199,,,,,,,,,,,2009-01-16,,,,,,
,,,,,,,,,,,,,,,,,,,US,,,,,192.185.108.212,,,,,,,,,,,2013-07-22,,,,,,
,,,,,,,,,,,,,,,,,,,US,,,,,3.247.87.242,,,,,,,,,,,,,,,,,
,,,,,,,,,,,,,,,,,,,US,,,,,192.185.108.212,,,,,,,,,,,2013-07-22,,,,,,
,,,,,,,,,,,,,,,,,,,US,,,,,68.171.217.250,,,,,,,,,,,2009-02-26,,,,,,
,,,,,,,,,,,,,,,,,,,US,,,,,192.186.250.41,,,,,,,,,,,2013-08-02,,,,,,
,,,,,,,,,,,,,,,,,,,BR,,,,,131.100.50.4,,,,,,,,,,,2014-08-11,,,,,,
,,,,,,,,,,,,,,,,,,,US,,,,,192.185.179.102,,,,,,,,,,,2013-07-22,,,,,,
,,,,,,,,,,,,,,,,,,,DE,,,,,5.9.114.125,,,,,,,,,,,2012-04-25,,,,,,
,,,,,,,,,,,,,,,,,,,US,,,,,192.185.108.212,,,,,,,,,,,2013-07-22,,,,,,
,,,,,,,,,,,,,,,,,,,BR,,,,,131.100.50.4,,,,,,,,,,,2014-08-11,,,,,,
,,,,,,,,,,,,,,,,,,,US,,,,,192.185.216.124,,,,,,,,,,,2013-07-22,,,,,,
,,,,,,,,,,,,,,,,,,,BR,,,,,131.100.50.4,,,,,,,,,,,2014-08-11,,,,,,
,,,,,,,,,,,,,,,,,,,BR,,,,,131.100.50.4,,,,,,,,,,,2014-08-11,,,,,,
,,,,,,,,,,,,,,,,,,,HU,,,,,87.229.98.18,,,,,,,,,,,2005-07-19,,,,,,
,,,,,,,,,,,,,,,,,,,HU,,,,,87.229.26.126,,,,,,,,,,,2005-07-19,,,,,,
,,,,,,,,,,,,,,,,,,,US,,,,,192.185.108.212,,,,,,,,,,,2013-07-22,,,,,,
,,,,,,,,,,,,,,,,,,,US,,,,,184.168.47.225,,,,,,,,,,,2010-09-21,,,,,,
,,,,,,,,,,,,,,,,,,,US,,,,,68.178.254.145,,,,,,,,,,,2005-04-12,,,,,,
,,,,,,,,,,,,,,,,,,,IL,,,,,149.126.74.20,,,,,,,,,,,2011-07-28,,,,,,
,,,,,,,,,,,,,,,,,,,US,,,,,192.185.51.96,,,,,,,,,,,2013-07-22,,,,,,
,,,,,,,,,,,,,,,,,,,US,,,,,107.180.54.182,,,,,,,,,,,2014-02-11,,,,,,
,,,,,,,,,,,,,,,,,,,GB,,,,,212.113.133.56,,,,,,,,,,,2008-07-02,,,,,,
,,,,,,,,,,,,,,,,,,,US,,,,,50.63.202.39,,,,,,,,,,,2011-02-02,,,,,,
,,,,,,,,,,,,,,,,,,,US,,,,,69.89.31.238,,,,,,,,,,,2006-10-02,,,,,,
,,,,,,,,,,,,,,,,,,,BR,,,,,131.100.50.4,,,,,,,,,,,2014-08-11,,,,,,
,,,,,,,,,,,,,,,,,,,BR,,,,,131.100.50.4,,,,,,,,,,,2014-08-11,,,,,,
,,,,,,,,,,,,,,,,,,,US,,,,,209.99.40.223,,,,,,,,,,,2000-08-23,,,,,,
,,,,,,,,,,,,,,,,,,,US,,,,,50.87.152.104,,,,,,,,,,,2011-01-24,,,,,,
,,,,,,,,,,,,,,,,,,,VN,,,,,125.253.113.210,,,,,,,,,,,2010-12-29,,,,,,
,,,,,,,,,,,,,,,,,,,US,,,,,192.185.108.212,,,,,,,,,,,2013-07-22,,,,,,
,,,,,,,,,,,,,,,,,,,VN,,,,,125.253.113.210,,,,,,,,,,,2010-12-29,,,,,,
,,,,,,,,,,,,,,,,,,,CO,,,,,190.8.176.186,,,,,,,,,,,2011-07-22,,,,,,
,,,,,,,,,,,,,,,,,,,US,,,,,198.58.92.228,,,,,,,,,,,2012-08-09,,,,,,
,,,,,,,,,,,,,,,,,,,US,,,,,160.153.162.16,,,,,,,,,,,2011-09-01,,,,,,
,,,,,,,,,,,,,,,,,,,US,,,,,192.185.216.126,,,,,,,,,,,2013-07-22,,,,,,
,,,,,,,,,,,,,,,,,,,BR,,,,,131.100.50.4,,,,,,,,,,,2014-08-11,,,,,,
,,,,,,,,,,,,,,,,,,,US,,,,,173.199.120.43,,,,,,,,,,,2010-09-29,,,,,,
,,,,,,,,,,,,,,,,,,,FR,,,,,94.247.31.250,,,,,,,,,,,2008-11-21,,,,,,
,,,,,,,,,,,,,,,,,,,AU,,,,,202.22.163.23,,,,,,,,,,,2000-12-28,,,,,,
,,,,,,,,,,,,,,,,,,,US,,,,,216.239.138.159,,,,,,,,,,,2000-11-29,,,,,,
,,,,,,,,,,,,,,,,,,,DE,,,,,62.141.48.252,,,,,,,,,,,2002-08-28,,,,,,
,,,,,,,,,,,,,,,,,,,US,,,,,70.40.200.242,,,,,,,,,,,2008-10-03,,,,,,
,,,,,,,,,,,,,,,,,,,GB,,,,,185.116.212.70,,,,,,,,,,,2015-09-10,,,,,,
,,,,,,,,,,,,,,,,,,,GB,,,,,212.113.133.235,,,,,,,,,,,2008-07-02,,,,,,
,,,,,,,,,,,,,,,,,,,GB,,,,,78.129.155.106,,,,,,,,,,,2007-04-18,,,,,,
,,,,,,,,,,,,,,,,,,,GB,,,,,5.77.63.52,,,,,,,,,,,2012-06-13,,,,,,
,,,,,,,,,,,,,,,,,,,MY,,,,,112.137.167.245,,,,,,,,,,,2009-02-06,,,,,,
,,,,,,,,,,,,,,,,,,,US,,,,,192.185.184.43,,,,,,,,,,,2013-07-22,,,,,,
,,,,,,,,,,,,,,,,,,,US,,,,,192.185.108.212,,,,,,,,,,,2013-07-22,,,,,,
,,,,,,,,,,,,,,,,,,,BR,,,,,131.100.50.4,,,,,,,,,,,2014-08-11,,,,,,
,,,,,,,,,,,,,,,,,,,US,,,,,3.247.87.242,,,,,,,,,,,,,,,,,
,,,,,,,,,,,,,,,,,,,US,,,,,3.247.87.242,,,,,,,,,,,,,,,,,
,,,,,,,,,,,,,,,,,,,US,,,,,184.95.41.121,,,,,,,,,,,2011-02-02,,,,,,
,,,,,,,,,,,,,,,,,,,US,,,,,184.168.57.1,,,,,,,,,,,2010-09-21,,,,,,
,,,,,,,,,,,,,,,,,,,PA,,,,,181.224.147.134,,,,,,,,,,,2012-10-25,,,,,,
,,,,,,,,,,,,,,,,,,,US,,,,,166.62.80.69,,,,,,,,,,,2012-11-14,,,,,,
,,,,,,,,,,,,,,,,,,,US,,,,,198.58.93.56,,,,,,,,,,,2012-08-09,,,,,,
,,,,,,,,,,,,,,,,,,,US,,,,,6.44.171.173,,,,,,,,,,,,,,,,,
,,,,,,,,,,,,,,,,,,,US,,,,,192.185.118.4,,,,,,,,,,,2013-07-22,,,,,,
,,,,,,,,,,,,,,,,,,,BR,,,,,131.100.50.4,,,,,,,,,,,2014-08-11,,,,,,
,,,,,,,,,,,,,,,,,,,BR,,,,,131.100.50.4,,,,,,,,,,,2014-08-11,,,,,,
,,,,,,,,,,,,,,,,,,,US,,,,,3.247.87.242,,,,,,,,,,,,,,,,,
,,,,,,,,,,,,,,,,,,,US,,,,,199.59.243.120,,,,,,,,,,,2010-12-09,,,,,,
,,,,,,,,,,,,,,,,,,,US,,,,,192.185.51.96,,,,,,,,,,,2013-07-22,,,,,,
,,,,,,,,,,,,,,,,,,,CN,,,,,218.108.15.66,,,,,,,,,,,2002-03-21,,,,,,
,,,,,,,,,,,,,,,,,,,US,,,,,192.185.79.230,,,,,,,,,,,2013-07-22,,,,,,
,,,,,,,,,,,,,,,,,,,US,,,,,138.128.160.106,,,,,,,,,,,2014-05-16,,,,,,
,,,,,,,,,,,,,,,,,,,GB,,,,,92.242.132.15,,,,,,,,,,,2007-12-27,,,,,,
,,,,,,,,,,,,,,,,,,,US,,,,,160.153.162.4,,,,,,,,,,,2011-09-01,,,,,,
,,,,,,,,,,,,,,,,,,,IN,,,,,103.25.130.206,,,,,,,,,,,2013-05-01,,,,,,
,,,,,,,,,,,,,,,,,,,US,,,,,166.62.44.105,,,,,,,,,,,2012-11-14,,,,,,
,,,,,,,,,,,,,,,,,,,US,,,,,192.185.108.212,,,,,,,,,,,2013-07-22,,,,,,
,,,,,,,,,,,,,,,,,,,US,,,,,69.162.73.226,,,,,,,,,,,2008-06-27,,,,,,
,,,,,,,,,,,,,,,,,,,US,,,,,162.144.123.108,,,,,,,,,,,2013-03-01,,,,,,
,,,,,,,,,,,,,,,,,,,HU,,,,,85.75.192.3,,,,,,,,,,,,,,,,,
,,,,,,,,,,,,,,,,,,,US,,,,,192.185.216.123,,,,,,,,,,,2013-07-22,,,,,,
,,,,,,,,,,,,,,,,,,,US,,,,,192.185.108.212,,,,,,,,,,,2013-07-22,,,,,,
,,,,,,,,,,,,,,,,,,,GB,,,,,92.242.132.15,,,,,,,,,,,2007-12-27,,,,,,
,,,,,,,,,,,,,,,,,,,US,,,,,192.185.213.99,,,,,,,,,,,2013-07-22,,,,,,
,,,,,,,,,,,,,,,,,,,US,,,,,192.185.223.169,,,,,,,,,,,2013-07-22,,,,,,
,,,,,,,,,,,,,,,,,,,AU,,,,,27.121.64.126,,,,,,,,,,,2010-09-06,,,,,,
,,,,,,,,,,,,,,,,,,,NL,,,,,188.121.58.1,,,,,,,,,,,2009-05-06,,,,,,
,,,,,,,,,,,,,,,,,,,US,,,,,50.87.152.104,,,,,,,,,,,2011-01-24,,,,,,
,,,,,,,,,,,,,,,,,,,US,,,,,3.247.87.242,,,,,,,,,,,,,,,,,
,,,,,,,,,,,,,,,,,,,US,,,,,173.254.28.124,,,,,,,,,,,2010-10-05,,,,,,
,,,,,,,,,,,,,,,,,,,US,,,,,74.220.207.181,,,,,,,,,,,2007-01-09,,,,,,
,,,,,,,,,,,,,,,,,,,ID,,,,,103.28.12.140,,,,,,,,,,,2011-12-14,,,,,,
,,,,,,,,,,,,,,,,,,,US,,,,,192.185.108.212,,,,,,,,,,,2013-07-22,,,,,,
,,,,,,,,,,,,,,,,,,,DE,,,,,78.46.100.176,,,,,,,,,,,2007-04-16,,,,,,
,,,,,,,,,,,,,,,,,,,GB,,,,,92.242.132.15,,,,,,,,,,,2007-12-27,,,,,,
,,,,,,,,,,,,,,,,,,,GB,,,,,92.242.132.15,,,,,,,,,,,2007-12-27,,,,,,
,,,,,,,,,,,,,,,,,,,TW,,,,,61.63.20.118,,,,,,,,,,,2001-02-21,,,,,,
,,,,,,,,,,,,,,,,,,,GB,,,,,92.242.132.15,,,,,,,,,,,2007-12-27,,,,,,
,,,,,,,,,,,,,,,,,,,US,,,,,108.160.158.97,,,,,,,,,,,2011-10-11,,,,,,
,,,,,,,,,,,,,,,,,,,US,,,,,69.64.68.185,,,,,,,,,,,2006-08-04,,,,,,
,,,,,,,,,,,,,,,,,,,GB,,,,,87.117.242.72,,,,,,,,,,,2005-09-29,,,,,,
,,,,,,,,,,,,,,,,,,,US,,,,,192.185.51.96,,,,,,,,,,,2013-07-22,,,,,,
,,,,,,,,,,,,,,,,,,,US,,,,,3.247.87.242,,,,,,,,,,,,,,,,,
,,,,,,,,,,,,,,,,,,,GB,,,,,17.34.136.53,,,,,,,,,,,,,,,,,
,,,,,,,,,,,,,,,,,,,US,,,,,192.185.216.122,,,,,,,,,,,2013-07-22,,,,,,
,,,,,,,,,,,,,,,,,,,US,,,,,199.59.243.120,,,,,,,,,,,2010-12-09,,,,,,
,,,,,,,,,,,,,,,,,,,AU,,,,,27.121.64.141,,,,,,,,,,,2010-09-06,,,,,,
,,,,,,,,,,,,,,,,,,,US,,,,,67.222.12.107,,,,,,,,,,,2008-01-29,,,,,,
,,,,,,,,,,,,,,,,,,,US,,,,,173.199.120.43,,,,,,,,,,,2010-09-29,,,,,,
,,,,,,,,,,,,,,,,,,,GB,,,,,92.242.132.15,,,,,,,,,,,2007-12-27,,,,,,
,,,,,,,,,,,,,,,,,,,MY,,,,,202.75.53.11,,,,,,,,,,,2004-07-21,,,,,,
,,,,,,,,,,,,,,,,,,,US,,,,,192.185.108.212,,,,,,,,,,,2013-07-22,,,,,,
,,,,,,,,,,,,,,,,,,,US,,,,,3.247.87.242,,,,,,,,,,,,,,,,,
,,,,,,,,,,,,,,,,,,,US,,,,,50.87.144.32,,,,,,,,,,,2011-01-24,,,,,,
,,,,,,,,,,,,,,,,,,,GB,,,,,5.77.63.52,,,,,,,,,,,2012-06-13,,,,,,
,,,,,,,,,,,,,,,,,,,US,,,,,166.62.116.88,,,,,,,,,,,2012-11-14,,,,,,
,,,,,,,,,,,,,,,,,,,US,,,,,3.247.87.242,,,,,,,,,,,,,,,,,
,,,,,,,,,,,,,,,,,,,GB,,,,,5.77.63.52,,,,,,,,,,,2012-06-13,,,,,,
,,,,,,,,,,,,,,,,,,,US,,,,,192.185.13.20,,,,,,,,,,,2013-07-22,,,,,,
,,,,,,,,,,,,,,,,,,,BR,,,,,187.45.180.235,,,,,,,,,,,2009-08-06,,,,,,
,,,,,,,,,,,,,,,,,,,AU,,,,,203.170.82.97,,,,,,,,,,,2006-04-19,,,,,,
,,,,,,,,,,,,,,,,,,,GB,,,,,79.170.44.141,,,,,,,,,,,2007-09-24,,,,,,
,,,,,,,,,,,,,,,,,,,GB,,,,,176.32.230.26,,,,,,,,,,,2011-05-24,,,,,,
,,,,,,,,,,,,,,,,,,,US,,,,,192.185.13.189,,,,,,,,,,,2013-07-22,,,,,,
,,,,,,,,,,,,,,,,,,,US,,,,,192.185.211.207,,,,,,,,,,,2013-07-22,,,,,,
,,,,,,,,,,,,,,,,,,,US,,,,,192.185.108.212,,,,,,,,,,,2013-07-22,,,,,,
,,,,,,,,,,,,,,,,,,,GB,,,,,95.154.213.98,,,,,,,,,,,2009-02-25,,,,,,
,,,,,,,,,,,,,,,,,,,PA,,,,,181.224.137.209,,,,,,,,,,,2012-10-25,,,,,,
,,,,,,,,,,,,,,,,,,,DE,,,,,212.172.221.23,,,,,,,,,,,,,,,,,
,,,,,,,,,,,,,,,,,,,US,,,,,107.180.44.124,,,,,,,,,,,2014-02-11,,,,,,
,,,,,,,,,,,,,,,,,,,US,,,,,3.247.87.242,,,,,,,,,,,,,,,,,
,,,,,,,,,,,,,,,,,,,US,,,,,3.247.87.242,,,,,,,,,,,,,,,,,
,,,,,,,,,,,,,,,,,,,DE,,,,,144.76.101.170,,,,,,,,,,,,,,,,,
,,,,,,,,,,,,,,,,,,,US,,,,,192.185.108.212,,,,,,,,,,,2013-07-22,,,,,,
,,,,,,,,,,,,,,,,,,,US,,,,,173.201.238.128,,,,,,,,,,,2009-09-18,,,,,,
,,,,,,,,,,,,,,,,,,,US,,,,,209.59.141.132,,,,,,,,,,,2004-07-27,,,,,,
,,,,,,,,,,,,,,,,,,,VN,,,,,125.253.113.210,,,,,,,,,,,2010-12-29,,,,,,
,,,,,,,,,,,,,,,,,,,US,,,,,104.27.164.99,,,,,,,,,,,2014-03-28,,,,,,
,,,,,,,,,,,,,,,,,,,ID,,,,,103.28.12.140,,,,,,,,,,,2011-12-14,,,,,,
,,,,,,,,,,,,,,,,,,,US,,,,,173.201.243.128,,,,,,,,,,,2009-09-18,,,,,,
,,,,,,,,,,,,,,,,,,,US,,,,,192.232.219.76,,,,,,,,,,,2013-05-16,,,,,,
,,,,,,,,,,,,,,,,,,,RU,,,,,80.87.199.109,,,,,,,,,,,2001-08-27,,,,,,
,,,,,,,,,,,,,,,,,,,US,,,,,67.227.198.201,,,,,,,,,,,2008-01-23,,,,,,
,,,,,,,,,,,,,,,,,,,BR,,,,,131.100.50.4,,,,,,,,,,,2014-08-11,,,,,,
,,,,,,,,,,,,,,,,,,,BR,,,,,131.100.50.4,,,,,,,,,,,2014-08-11,,,,,,
,,,,,,,,,,,,,,,,,,,US,,,,,138.128.160.106,,,,,,,,,,,2014-05-16,,,,,,
,,,,,,,,,,,,,,,,,,,US,,,,,72.167.131.161,,,,,,,,,,,2007-07-05,,,,,,
,,,,,,,,,,,,,,,,,,,US,,,,,67.227.253.225,,,,,,,,,,,2008-01-23,,,,,,
,,,,,,,,,,,,,,,,,,,US,,,,,184.168.233.1,,,,,,,,,,,2010-09-21,,,,,,
,,,,,,,,,,,,,,,,,,,US,,,,,66.7.196.148,,,,,,,,,,,2006-05-18,,,,,,
,,,,,,,,,,,,,,,,,,,US,,,,,192.185.48.228,,,,,,,,,,,2013-07-22,,,,,,
,,,,,,,,,,,,,,,,,,,PL,,,,,195.248.254.4,,,,,,,,,,,2007-03-30,,,,,,
,,,,,,,,,,,,,,,,,,,US,,,,,192.185.216.26,,,,,,,,,,,2013-07-22,,,,,,
,,,,,,,,,,,,,,,,,,,US,,,,,192.185.108.212,,,,,,,,,,,2013-07-22,,,,,,
,,,,,,,,,,,,,,,,,,,US,,,,,209.59.133.238,,,,,,,,,,,2004-07-27,,,,,,
,,,,,,,,,,,,,,,,,,,PL,,,,,62.129.201.157,,,,,,,,,,,2002-11-14,,,,,,
,,,,,,,,,,,,,,,,,,,US,,,,,3.247.87.242,,,,,,,,,,,,,,,,,
,,,,,,,,,,,,,,,,,,,US,,,,,3.247.87.242,,,,,,,,,,,,,,,,,
,,,,,,,,,,,,,,,,,,,NL,,,,,5.10.68.190,,,,,,,,,,,2012-04-27,,,,,,
,,,,,,,,,,,,,,,,,,,US,,,,,3.247.87.242,,,,,,,,,,,,,,,,,
,,,,,,,,,,,,,,,,,,,GB,,,,,92.242.132.15,,,,,,,,,,,2007-12-27,,,,,,
,,,,,,,,,,,,,,,,,,,US,,,,,3.247.87.242,,,,,,,,,,,,,,,,,
,,,,,,,,,,,,,,,,,,,US,,,,,3.247.87.242,,,,,,,,,,,,,,,,,
,,,,,,,,,,,,,,,,,,,US,,,,,3.247.87.242,,,,,,,,,,,,,,,,,
,,,,,,,,,,,,,,,,,,,US,,,,,3.247.87.242,,,,,,,,,,,,,,,,,
,,,,,,,,,,,,,,,,,,,US,,,,,3.247.87.242,,,,,,,,,,,,,,,,,
,,,,,,,,,,,,,,,,,,,US,,,,,3.247.87.242,,,,,,,,,,,,,,,,,
,,,,,,,,,,,,,,,,,,,US,,,,,3.247.87.242,,,,,,,,,,,,,,,,,
,,,,,,,,,,,,,,,,,,,US,,,,,3.247.87.242,,,,,,,,,,,,,,,,,
,,,,,,,,,,,,,,,,,,,,,,,,,,,,,,,,,,,,,,,,,
,,,,,,,,,,,,,,,,,,,US,,,,,107.180.54.251,,,,,,,,,,,2014-02-11,,,,,,
,,,,,,,,,,,,,,,,,,,US,,,,,3.247.87.242,,,,,,,,,,,,,,,,,
,,,,,,,,,,,,,,,,,,,US,,,,,50.63.43.1,,,,,,,,,,,2011-02-02,,,,,,
,,,,,,,,,,,,,,,,,,,US,,,,,3.247.87.242,,,,,,,,,,,,,,,,,
,,,,,,,,,,,,,,,,,,,DE,,,,,7.106.63.113,,,,,,,,,,,,,,,,,
,,,,,,,,,,,,,,,,,,,US,,,,,69.162.73.226,,,,,,,,,,,2008-06-27,,,,,,
,,,,,,,,,,,,,,,,,,,PT,,,,,4.126.173.11,,,,,,,,,,,,,,,,,
,,,,,,,,,,,,,,,,,,,BR,,,,,131.100.50.4,,,,,,,,,,,2014-08-11,,,,,,
,,,,,,,,,,,,,,,,,,,US,,,,,148.163.127.107,,,,,,,,,,,2014-06-06,,,,,,
,,,,,,,,,,,,,,,,,,,US,,,,,192.250.229.18,,,,,,,,,,,2013-06-06,,,,,,
,,,,,,,,,,,,,,,,,,,US,,,,,66.147.244.55,,,,,,,,,,,2008-05-05,,,,,,
,,,,,,,,,,,,,,,,,,,US,,,,,184.95.41.121,,,,,,,,,,,2011-02-02,,,,,,
,,,,,,,,,,,,,,,,,,,PT,,,,,5.206.231.158,,,,,,,,,,,2012-09-05,,,,,,
,,,,,,,,,,,,,,,,,,,US,,,,,108.167.143.134,,,,,,,,,,,2011-12-27,,,,,,
,,,,,,,,,,,,,,,,,,,US,,,,,184.168.221.35,,,,,,,,,,,2010-09-21,,,,,,
,,,,,,,,,,,,,,,,,,,US,,,,,199.167.200.11,,,,,,,,,,,2011-06-13,,,,,,
,,,,,,,,,,,,,,,,,,,US,,,,,31.170.160.129,,,,,,,,,,,2011-03-30,,,,,,
,,,,,,,,,,,,,,,,,,,US,,,,,3.247.87.242,,,,,,,,,,,,,,,,,
,,,,,,,,,,,,,,,,,,,US,,,,,69.195.124.87,,,,,,,,,,,2010-07-01,,,,,,
,,,,,,,,,,,,,,,,,,,PA,,,,,181.224.135.74,,,,,,,,,,,2012-10-25,,,,,,
,,,,,,,,,,,,,,,,,,,BR,,,,,177.185.192.125,,,,,,,,,,,2012-08-22,,,,,,
,,,,,,,,,,,,,,,,,,,US,,,,,192.185.213.182,,,,,,,,,,,2013-07-22,,,,,,
,,,,,,,,,,,,,,,,,,,US,,,,,3.247.87.242,,,,,,,,,,,,,,,,,
,,,,,,,,,,,,,,,,,,,US,,,,,192.185.89.4,,,,,,,,,,,2013-07-22,,,,,,
,,,,,,,,,,,,,,,,,,,VG,,,,,208.91.197.132,,,,,,,,,,,2011-04-15,,,,,,
,,,,,,,,,,,,,,,,,,,US,,,,,3.247.87.242,,,,,,,,,,,,,,,,,
,,,,,,,,,,,,,,,,,,,GB,,,,,92.242.132.15,,,,,,,,,,,2007-12-27,,,,,,
,,,,,,,,,,,,,,,,,,,US,,,,,108.175.157.44,,,,,,,,,,,2012-02-28,,,,,,
,,,,,,,,,,,,,,,,,,,US,,,,,69.90.66.200,,,,,,,,,,,2003-11-06,,,,,,
,,,,,,,,,,,,,,,,,,,US,,,,,162.144.120.45,,,,,,,,,,,2013-03-01,,,,,,
,,,,,,,,,,,,,,,,,,,US,,,,,3.247.87.242,,,,,,,,,,,,,,,,,
,,,,,,,,,,,,,,,,,,,US,,,,,67.225.166.81,,,,,,,,,,,2007-11-26,,,,,,
,,,,,,,,,,,,,,,,,,,US,,,,,64.20.40.34,,,,,,,,,,,2005-04-07,,,,,,
,,,,,,,,,,,,,,,,,,,US,,,,,192.185.218.125,,,,,,,,,,,2013-07-22,,,,,,
,,,,,,,,,,,,,,,,,,,VN,,,,,125.253.113.210,,,,,,,,,,,2010-12-29,,,,,,
,,,,,,,,,,,,,,,,,,,US,,,,,50.87.152.104,,,,,,,,,,,2011-01-24,,,,,,
,,,,,,,,,,,,,,,,,,,US,,,,,148.163.99.29,,,,,,,,,,,2014-06-06,,,,,,
,,,,,,,,,,,,,,,,,,,NZ,,,,,119.47.118.22,,,,,,,,,,,2008-01-16,,,,,,
,,,,,,,,,,,,,,,,,,,BR,,,,,131.100.50.4,,,,,,,,,,,2014-08-11,,,,,,
,,,,,,,,,,,,,,,,,,,US,,,,,192.185.150.72,,,,,,,,,,,2013-07-22,,,,,,
,,,,,,,,,,,,,,,,,,,LU,,,,,37.230.114.67,,,,,,,,,,,2012-04-12,,,,,,
,,,,,,,,,,,,,,,,,,,US,,,,,50.116.112.158,,,,,,,,,,,2011-09-07,,,,,,
,,,,,,,,,,,,,,,,,,,US,,,,,192.185.13.189,,,,,,,,,,,2013-07-22,,,,,,
,,,,,,,,,,,,,,,,,,,US,,,,,162.144.67.106,,,,,,,,,,,2013-03-01,,,,,,
,,,,,,,,,,,,,,,,,,,GB,,,,,92.242.132.15,,,,,,,,,,,2007-12-27,,,,,,
,,,,,,,,,,,,,,,,,,,US,,,,,198.154.248.248,,,,,,,,,,,2012-09-21,,,,,,
,,,,,,,,,,,,,,,,,,,US,,,,,50.87.152.104,,,,,,,,,,,2011-01-24,,,,,,
,,,,,,,,,,,,,,,,,,,US,,,,,192.185.108.212,,,,,,,,,,,2013-07-22,,,,,,
,,,,,,,,,,,,,,,,,,,US,,,,,198.15.116.243,,,,,,,,,,,2012-07-20,,,,,,
,,,,,,,,,,,,,,,,,,,US,,,,,192.185.108.212,,,,,,,,,,,2013-07-22,,,,,,
,,,,,,,,,,,,,,,,,,,GB,,,,,92.242.132.15,,,,,,,,,,,2007-12-27,,,,,,
,,,,,,,,,,,,,,,,,,,US,,,,,67.222.3.111,,,,,,,,,,,2008-01-29,,,,,,
,,,,,,,,,,,,,,,,,,,US,,,,,209.188.94.224,,,,,,,,,,,2008-07-01,,,,,,
,,,,,,,,,,,,,,,,,,,US,,,,,192.185.86.238,,,,,,,,,,,2013-07-22,,,,,,
,,,,,,,,,,,,,,,,,,,US,,,,,192.185.142.146,,,,,,,,,,,2013-07-22,,,,,,
,,,,,,,,,,,,,,,,,,,SG,,,,,182.50.129.72,,,,,,,,,,,2010-02-26,,,,,,
,,,,,,,,,,,,,,,,,,,US,,,,,69.194.234.84,,,,,,,,,,,2010-07-30,,,,,,
,,,,,,,,,,,,,,,,,,,IT,,,,,185.2.4.29,,,,,,,,,,,2012-09-17,,,,,,
,,,,,,,,,,,,,,,,,,,US,,,,,192.163.221.134,,,,,,,,,,,2013-02-12,,,,,,
,,,,,,,,,,,,,,,,,,,US,,,,,192.185.216.122,,,,,,,,,,,2013-07-22,,,,,,
,,,,,,,,,,,,,,,,,,,US,,,,,108.179.192.192,,,,,,,,,,,2012-04-11,,,,,,
,,,,,,,,,,,,,,,,,,,US,,,,,166.62.118.179,,,,,,,,,,,2012-11-14,,,,,,
,,,,,,,,,,,,,,,,,,,BY,,,,,78.159.242.67,,,,,,,,,,,,,,,,,
,,,,,,,,,,,,,,,,,,,US,,,,,108.167.172.175,,,,,,,,,,,2011-12-27,,,,,,
,,,,,,,,,,,,,,,,,,,US,,,,,70.40.202.133,,,,,,,,,,,2008-10-03,,,,,,
,,,,,,,,,,,,,,,,,,,US,,,,,184.168.221.36,,,,,,,,,,,2010-09-21,,,,,,
,,,,,,,,,,,,,,,,,,,AU,,,,,221.121.153.135,,,,,,,,,,,2009-10-05,,,,,,
,,,,,,,,,,,,,,,,,,,US,,,,,192.185.225.61,,,,,,,,,,,2013-07-22,,,,,,
,,,,,,,,,,,,,,,,,,,US,,,,,192.185.108.212,,,,,,,,,,,2013-07-22,,,,,,
,,,,,,,,,,,,,,,,,,,US,,,,,192.185.108.212,,,,,,,,,,,2013-07-22,,,,,,
,,,,,,,,,,,,,,,,,,,GB,,,,,79.170.44.135,,,,,,,,,,,2007-09-24,,,,,,
,,,,,,,,,,,,,,,,,,,BR,,,,,187.45.180.235,,,,,,,,,,,2009-08-06,,,,,,
,,,,,,,,,,,,,,,,,,,GB,,,,,92.242.132.15,,,,,,,,,,,2007-12-27,,,,,,
,,,,,,,,,,,,,,,,,,,IT,,,,,185.2.4.21,,,,,,,,,,,2012-09-17,,,,,,
,,,,,,,,,,,,,,,,,,,BR,,,,,131.100.50.4,,,,,,,,,,,2014-08-11,,,,,,
,,,,,,,,,,,,,,,,,,,LT,,,,,185.28.20.238,,,,,,,,,,,2013-06-06,,,,,,
,,,,,,,,,,,,,,,,,,,GB,,,,,92.242.132.15,,,,,,,,,,,2007-12-27,,,,,,
,,,,,,,,,,,,,,,,,,,BG,,,,,87.121.52.156,,,,,,,,,,,2005-07-12,,,,,,
,,,,,,,,,,,,,,,,,,,US,,,,,104.27.172.126,,,,,,,,,,,2014-03-28,,,,,,
,,,,,,,,,,,,,,,,,,,GB,,,,,92.242.132.15,,,,,,,,,,,2007-12-27,,,,,,
,,,,,,,,,,,,,,,,,,,US,,,,,192.185.177.60,,,,,,,,,,,2013-07-22,,,,,,
,,,,,,,,,,,,,,,,,,,FI,,,,,217.149.52.10,,,,,,,,,,,2004-06-03,,,,,,
,,,,,,,,,,,,,,,,,,,US,,,,,160.153.60.36,,,,,,,,,,,2011-09-01,,,,,,
,,,,,,,,,,,,,,,,,,,GB,,,,,92.242.132.15,,,,,,,,,,,2007-12-27,,,,,,
,,,,,,,,,,,,,,,,,,,US,,,,,74.124.200.237,,,,,,,,,,,2007-03-22,,,,,,
,,,,,,,,,,,,,,,,,,,US,,,,,67.222.12.107,,,,,,,,,,,2008-01-29,,,,,,
,,,,,,,,,,,,,,,,,,,GB,,,,,79.170.44.125,,,,,,,,,,,2007-09-24,,,,,,
,,,,,,,,,,,,,,,,,,,US,,,,,159.8.9.42,,,,,,,,,,,,,,,,,
,,,,,,,,,,,,,,,,,,,CA,,,,,192.99.18.100,,,,,,,,,,,2013-06-17,,,,,,
,,,,,,,,,,,,,,,,,,,SG,,,,,119.81.131.166,,,,,,,,,,,2008-01-29,,,,,,
,,,,,,,,,,,,,,,,,,,US,,,,,192.185.216.122,,,,,,,,,,,2013-07-22,,,,,,
,,,,,,,,,,,,,,,,,,,US,,,,,69.167.172.32,,,,,,,,,,,2009-02-23,,,,,,
,,,,,,,,,,,,,,,,,,,US,,,,,67.222.12.107,,,,,,,,,,,2008-01-29,,,,,,
,,,,,,,,,,,,,,,,,,,US,,,,,192.185.216.122,,,,,,,,,,,2013-07-22,,,,,,
,,,,,,,,,,,,,,,,,,,DE,,,,,5.9.94.34,,,,,,,,,,,2012-04-25,,,,,,
,,,,,,,,,,,,,,,,,,,US,,,,,50.116.112.168,,,,,,,,,,,2011-09-07,,,,,,
,,,,,,,,,,,,,,,,,,,US,,,,,50.63.202.33,,,,,,,,,,,2011-02-02,,,,,,
,,,,,,,,,,,,,,,,,,,IT,,,,,62.149.128.154,,,,,,,,,,,2000-01-01,,,,,,
,,,,,,,,,,,,,,,,,,,NL,,,,,37.58.85.56,,,,,,,,,,,2012-01-16,,,,,,
,,,,,,,,,,,,,,,,,,,GB,,,,,212.48.78.154,,,,,,,,,,,2012-08-27,,,,,,
,,,,,,,,,,,,,,,,,,,US,,,,,166.62.28.94,,,,,,,,,,,2012-11-14,,,,,,
,,,,,,,,,,,,,,,,,,,US,,,,,166.62.28.137,,,,,,,,,,,2012-11-14,,,,,,
,,,,,,,,,,,,,,,,,,,US,,,,,199.79.62.190,,,,,,,,,,,2012-01-13,,,,,,
,,,,,,,,,,,,,,,,,,,US,,,,,198.143.100.22,,,,,,,,,,,2012-04-20,,,,,,
,,,,,,,,,,,,,,,,,,,US,,,,,74.220.215.207,,,,,,,,,,,2007-01-09,,,,,,
,,,,,,,,,,,,,,,,,,,US,,,,,192.185.108.212,,,,,,,,,,,2013-07-22,,,,,,
,,,,,,,,,,,,,,,,,,,US,,,,,192.185.108.212,,,,,,,,,,,2013-07-22,,,,,,
,,,,,,,,,,,,,,,,,,,FR,,,,,62.210.16.62,,,,,,,,,,,2000-10-26,,,,,,
,,,,,,,,,,,,,,,,,,,BR,,,,,131.100.50.4,,,,,,,,,,,2014-08-11,,,,,,
,,,,,,,,,,,,,,,,,,,US,,,,,209.188.24.242,,,,,,,,,,,2004-05-18,,,,,,
,,,,,,,,,,,,,,,,,,,US,,,,,68.171.217.250,,,,,,,,,,,2009-02-26,,,,,,
,,,,,,,,,,,,,,,,,,,US,,,,,209.188.24.242,,,,,,,,,,,2004-05-18,,,,,,
,,,,,,,,,,,,,,,,,,,US,,,,,209.188.24.242,,,,,,,,,,,2004-05-18,,,,,,
,,,,,,,,,,,,,,,,,,,US,,,,,209.188.24.242,,,,,,,,,,,2004-05-18,,,,,,
,,,,,,,,,,,,,,,,,,,US,,,,,192.185.108.212,,,,,,,,,,,2013-07-22,,,,,,
,,,,,,,,,,,,,,,,,,,PL,,,,,85.128.135.13,,,,,,,,,,,2004-11-01,,,,,,
,,,,,,,,,,,,,,,,,,,US,,,,,192.185.244.176,,,,,,,,,,,2013-07-22,,,,,,
,,,,,,,,,,,,,,,,,,,US,,,,,192.185.189.211,,,,,,,,,,,2013-07-22,,,,,,
,,,,,,,,,,,,,,,,,,,US,,,,,104.166.72.18,,,,,,,,,,,2014-08-12,,,,,,
,,,,,,,,,,,,,,,,,,,US,,,,,184.95.45.219,,,,,,,,,,,2011-02-02,,,,,,
,,,,,,,,,,,,,,,,,,,MX,,,,,201.175.20.195,,,,,,,,,,,2007-05-15,,,,,,
,,,,,,,,,,,,,,,,,,,US,,,,,72.10.48.48,,,,,,,,,,,2004-10-19,,,,,,
,,,,,,,,,,,,,,,,,,,US,,,,,50.116.112.159,,,,,,,,,,,2011-09-07,,,,,,
,,,,,,,,,,,,,,,,,,,GB,,,,,159.100.184.131,,,,,,,,,,,,,,,,,
,,,,,,,,,,,,,,,,,,,MX,,,,,201.175.20.195,,,,,,,,,,,2007-05-15,,,,,,
,,,,,,,,,,,,,,,,,,,US,,,,,173.236.44.34,,,,,,,,,,,2010-03-23,,,,,,
,,,,,,,,,,,,,,,,,,,AU,,,,,182.160.154.164,,,,,,,,,,,2010-03-31,,,,,,
,,,,,,,,,,,,,,,,,,,US,,,,,209.35.52.138,,,,,,,,,,,,,,,,,
,,,,,,,,,,,,,,,,,,,US,,,,,192.185.108.212,,,,,,,,,,,2013-07-22,,,,,,
,,,,,,,,,,,,,,,,,,,US,,,,,192.185.218.132,,,,,,,,,,,2013-07-22,,,,,,
,,,,,,,,,,,,,,,,,,,GB,,,,,92.242.132.15,,,,,,,,,,,2007-12-27,,,,,,
,,,,,,,,,,,,,,,,,,,US,,,,,192.185.216.61,,,,,,,,,,,2013-07-22,,,,,,
,,,,,,,,,,,,,,,,,,,US,,,,,50.87.104.150,,,,,,,,,,,2011-01-24,,,,,,
,,,,,,,,,,,,,,,,,,,TH,,,,,22.154.18.92,,,,,,,,,,,,,,,,,
,,,,,,,,,,,,,,,,,,,US,,,,,192.185.118.4,,,,,,,,,,,2013-07-22,,,,,,
,,,,,,,,,,,,,,,,,,,GB,,,,,09.228.4.170,,,,,,,,,,,,,,,,,
,,,,,,,,,,,,,,,,,,,PL,,,,,46.41.144.115,,,,,,,,,,,2010-07-26,,,,,,
,,,,,,,,,,,,,,,,,,,US,,,,,192.185.216.125,,,,,,,,,,,2013-07-22,,,,,,
,,,,,,,,,,,,,,,,,,,BG,,,,,109.73.236.38,,,,,,,,,,,2009-10-16,,,,,,
,,,,,,,,,,,,,,,,,,,US,,,,,209.188.24.242,,,,,,,,,,,2004-05-18,,,,,,
,,,,,,,,,,,,,,,,,,,US,,,,,192.185.108.212,,,,,,,,,,,2013-07-22,,,,,,
,,,,,,,,,,,,,,,,,,,US,,,,,173.254.28.137,,,,,,,,,,,2010-10-05,,,,,,
,,,,,,,,,,,,,,,,,,,IT,,,,,62.149.128.160,,,,,,,,,,,2000-01-01,,,,,,
,,,,,,,,,,,,,,,,,,,IT,,,,,62.149.128.74,,,,,,,,,,,2000-01-01,,,,,,
,,,,,,,,,,,,,,,,,,,US,,,,,69.73.180.180,,,,,,,,,,,2003-11-05,,,,,,
,,,,,,,,,,,,,,,,,,,US,,,,,173.254.28.130,,,,,,,,,,,2010-10-05,,,,,,
,,,,,,,,,,,,,,,,,,,GB,,,,,92.242.132.15,,,,,,,,,,,2007-12-27,,,,,,
,,,,,,,,,,,,,,,,,,,US,,,,,198.154.248.137,,,,,,,,,,,2012-09-21,,,,,,
,,,,,,,,,,,,,,,,,,,DE,,,,,46.4.1.66,,,,,,,,,,,2010-08-19,,,,,,
,,,,,,,,,,,,,,,,,,,US,,,,,192.185.221.42,,,,,,,,,,,2013-07-22,,,,,,
,,,,,,,,,,,,,,,,,,,TH,,,,,119.59.120.55,,,,,,,,,,,2011-02-04,,,,,,
,,,,,,,,,,,,,,,,,,,US,,,,,67.222.12.107,,,,,,,,,,,2008-01-29,,,,,,
,,,,,,,,,,,,,,,,,,,US,,,,,3.247.87.242,,,,,,,,,,,,,,,,,
,,,,,,,,,,,,,,,,,,,US,,,,,104.152.68.156,,,,,,,,,,,2014-07-11,,,,,,
,,,,,,,,,,,,,,,,,,,AT,,,,,81.19.145.40,,,,,,,,,,,2005-11-18,,,,,,
,,,,,,,,,,,,,,,,,,,CN,,,,,114.215.87.11,,,,,,,,,,,2008-07-04,,,,,,
,,,,,,,,,,,,,,,,,,,GB,,,,,92.242.132.15,,,,,,,,,,,2007-12-27,,,,,,
,,,,,,,,,,,,,,,,,,,GB,,,,,92.242.132.15,,,,,,,,,,,2007-12-27,,,,,,
,,,,,,,,,,,,,,,,,,,GB,,,,,92.242.132.15,,,,,,,,,,,2007-12-27,,,,,,
,,,,,,,,,,,,,,,,,,,US,,,,,199.59.243.120,,,,,,,,,,,2010-12-09,,,,,,
,,,,,,,,,,,,,,,,,,,US,,,,,108.167.165.141,,,,,,,,,,,2011-12-27,,,,,,
,,,,,,,,,,,,,,,,,,,US,,,,,209.188.24.242,,,,,,,,,,,2004-05-18,,,,,,
,,,,,,,,,,,,,,,,,,,US,,,,,192.185.216.124,,,,,,,,,,,2013-07-22,,,,,,
,,,,,,,,,,,,,,,,,,,US,,,,,67.228.244.2,,,,,,,,,,,2007-11-07,,,,,,
,,,,,,,,,,,,,,,,,,,US,,,,,50.63.202.49,,,,,,,,,,,2011-02-02,,,,,,
,,,,,,,,,,,,,,,,,,,LT,,,,,31.220.16.156,,,,,,,,,,,2011-05-10,,,,,,
,,,,,,,,,,,,,,,,,,,TR,,,,,185.51.164.62,,,,,,,,,,,2014-03-24,,,,,,
,,,,,,,,,,,,,,,,,,,US,,,,,192.185.185.178,,,,,,,,,,,2013-07-22,,,,,,
,,,,,,,,,,,,,,,,,,,US,,,,,65.39.182.150,,,,,,,,,,,2002-06-21,,,,,,
,,,,,,,,,,,,,,,,,,,BR,,,,,187.45.182.82,,,,,,,,,,,2009-08-06,,,,,,
,,,,,,,,,,,,,,,,,,,BR,,,,,131.100.50.4,,,,,,,,,,,2014-08-11,,,,,,
,,,,,,,,,,,,,,,,,,,US,,,,,192.185.108.212,,,,,,,,,,,2013-07-22,,,,,,
,,,,,,,,,,,,,,,,,,,US,,,,,50.87.152.212,,,,,,,,,,,2011-01-24,,,,,,
,,,,,,,,,,,,,,,,,,,US,,,,,198.136.58.242,,,,,,,,,,,2012-04-03,,,,,,
,,,,,,,,,,,,,,,,,,,US,,,,,3.247.87.242,,,,,,,,,,,,,,,,,
,,,,,,,,,,,,,,,,,,,DE,,,,,188.40.239.38,,,,,,,,,,,2009-04-23,,,,,,
,,,,,,,,,,,,,,,,,,,US,,,,,184.168.221.34,,,,,,,,,,,2010-09-21,,,,,,
,,,,,,,,,,,,,,,,,,,US,,,,,174.121.164.66,,,,,,,,,,,2009-03-23,,,,,,
,,,,,,,,,,,,,,,,,,,US,,,,,108.167.188.159,,,,,,,,,,,2011-12-27,,,,,,
,,,,,,,,,,,,,,,,,,,US,,,,,209.188.24.242,,,,,,,,,,,2004-05-18,,,,,,
,,,,,,,,,,,,,,,,,,,US,,,,,198.57.149.32,,,,,,,,,,,2012-07-27,,,,,,
,,,,,,,,,,,,,,,,,,,SI,,,,,95.246.8.32,,,,,,,,,,,,,,,,,
,,,,,,,,,,,,,,,,,,,US,,,,,209.188.24.242,,,,,,,,,,,2004-05-18,,,,,,
,,,,,,,,,,,,,,,,,,,AU,,,,,202.22.163.23,,,,,,,,,,,2000-12-28,,,,,,
,,,,,,,,,,,,,,,,,,,US,,,,,192.163.217.123,,,,,,,,,,,2013-02-12,,,,,,
,,,,,,,,,,,,,,,,,,,US,,,,,192.185.108.212,,,,,,,,,,,2013-07-22,,,,,,
,,,,,,,,,,,,,,,,,,,BR,,,,,131.100.50.4,,,,,,,,,,,2014-08-11,,,,,,
,,,,,,,,,,,,,,,,,,,US,,,,,184.168.221.42,,,,,,,,,,,2010-09-21,,,,,,
,,,,,,,,,,,,,,,,,,,US,,,,,143.95.82.235,,,,,,,,,,,,,,,,,
,,,,,,,,,,,,,,,,,,,DE,,,,,144.76.191.135,,,,,,,,,,,,,,,,,
,,,,,,,,,,,,,,,,,,,US,,,,,192.185.108.212,,,,,,,,,,,2013-07-22,,,,,,
,,,,,,,,,,,,,,,,,,,US,,,,,209.188.24.242,,,,,,,,,,,2004-05-18,,,,,,
,,,,,,,,,,,,,,,,,,,IL,,,,,2.219.67.25,,,,,,,,,,,,,,,,,
,,,,,,,,,,,,,,,,,,,US,,,,,23.229.183.169,,,,,,,,,,,2013-09-17,,,,,,
,,,,,,,,,,,,,,,,,,,RU,,,,,89.111.177.28,,,,,,,,,,,2006-04-26,,,,,,
,,,,,,,,,,,,,,,,,,,US,,,,,50.87.150.48,,,,,,,,,,,2011-01-24,,,,,,
,,,,,,,,,,,,,,,,,,,US,,,,,192.185.108.212,,,,,,,,,,,2013-07-22,,,,,,
,,,,,,,,,,,,,,,,,,,US,,,,,69.172.201.217,,,,,,,,,,,2009-03-17,,,,,,
,,,,,,,,,,,,,,,,,,,GB,,,,,92.242.132.15,,,,,,,,,,,2007-12-27,,,,,,
,,,,,,,,,,,,,,,,,,,BR,,,,,131.100.50.4,,,,,,,,,,,2014-08-11,,,,,,
,,,,,,,,,,,,,,,,,,,US,,,,,160.153.161.229,,,,,,,,,,,2011-09-01,,,,,,
,,,,,,,,,,,,,,,,,,,US,,,,,23.229.192.9,,,,,,,,,,,2013-09-17,,,,,,
,,,,,,,,,,,,,,,,,,,US,,,,,192.185.179.102,,,,,,,,,,,2013-07-22,,,,,,
,,,,,,,,,,,,,,,,,,,US,,,,,50.87.152.244,,,,,,,,,,,2011-01-24,,,,,,
,,,,,,,,,,,,,,,,,,,EU,,,,,83.125.22.169,,,,,,,,,,,2004-10-06,,,,,,
,,,,,,,,,,,,,,,,,,,LT,,,,,31.220.16.17,,,,,,,,,,,2011-05-10,,,,,,
,,,,,,,,,,,,,,,,,,,US,,,,,67.222.12.107,,,,,,,,,,,2008-01-29,,,,,,
,,,,,,,,,,,,,,,,,,,US,,,,,198.38.89.241,,,,,,,,,,,2012-04-20,,,,,,
,,,,,,,,,,,,,,,,,,,US,,,,,108.167.180.142,,,,,,,,,,,2011-12-27,,,,,,
,,,,,,,,,,,,,,,,,,,UA,,,,,77.123.131.99,,,,,,,,,,,2006-11-24,,,,,,
,,,,,,,,,,,,,,,,,,,,,,,,,,,,,,,,,,,,,,,,,
,,,,,,,,,,,,,,,,,,,US,,,,,209.188.24.242,,,,,,,,,,,2004-05-18,,,,,,
,,,,,,,,,,,,,,,,,,,NL,,,,,5.10.68.188,,,,,,,,,,,2012-04-27,,,,,,
,,,,,,,,,,,,,,,,,,,US,,,,,166.62.28.103,,,,,,,,,,,2012-11-14,,,,,,
,,,,,,,,,,,,,,,,,,,US,,,,,3.247.87.242,,,,,,,,,,,,,,,,,
,,,,,,,,,,,,,,,,,,,BR,,,,,131.100.50.4,,,,,,,,,,,2014-08-11,,,,,,
,,,,,,,,,,,,,,,,,,,US,,,,,192.185.218.119,,,,,,,,,,,2013-07-22,,,,,,
,,,,,,,,,,,,,,,,,,,US,,,,,209.188.24.242,,,,,,,,,,,2004-05-18,,,,,,
,,,,,,,,,,,,,,,,,,,US,,,,,192.185.108.212,,,,,,,,,,,2013-07-22,,,,,,
,,,,,,,,,,,,,,,,,,,US,,,,,173.199.120.43,,,,,,,,,,,2010-09-29,,,,,,
,,,,,,,,,,,,,,,,,,,US,,,,,209.188.24.242,,,,,,,,,,,2004-05-18,,,,,,
,,,,,,,,,,,,,,,,,,,US,,,,,209.188.24.242,,,,,,,,,,,2004-05-18,,,,,,
,,,,,,,,,,,,,,,,,,,US,,,,,192.185.108.212,,,,,,,,,,,2013-07-22,,,,,,
,,,,,,,,,,,,,,,,,,,FR,,,,,176.31.156.188,,,,,,,,,,,2011-05-20,,,,,,
,,,,,,,,,,,,,,,,,,,US,,,,,209.188.24.242,,,,,,,,,,,2004-05-18,,,,,,
,,,,,,,,,,,,,,,,,,,US,,,,,192.185.108.212,,,,,,,,,,,2013-07-22,,,,,,
,,,,,,,,,,,,,,,,,,,GB,,,,,185.55.79.109,,,,,,,,,,,2014-04-24,,,,,,
,,,,,,,,,,,,,,,,,,,US,,,,,192.185.13.189,,,,,,,,,,,2013-07-22,,,,,,
,,,,,,,,,,,,,,,,,,,US,,,,,209.188.24.242,,,,,,,,,,,2004-05-18,,,,,,
,,,,,,,,,,,,,,,,,,,BR,,,,,131.100.50.4,,,,,,,,,,,2014-08-11,,,,,,
,,,,,,,,,,,,,,,,,,,US,,,,,209.188.24.242,,,,,,,,,,,2004-05-18,,,,,,
,,,,,,,,,,,,,,,,,,,US,,,,,184.168.221.29,,,,,,,,,,,2010-09-21,,,,,,
,,,,,,,,,,,,,,,,,,,CZ,,,,,109.123.209.196,,,,,,,,,,,2009-10-20,,,,,,
,,,,,,,,,,,,,,,,,,,GB,,,,,46.16.188.7,,,,,,,,,,,2010-10-08,,,,,,
,,,,,,,,,,,,,,,,,,,US,,,,,107.155.83.17,,,,,,,,,,,2013-12-30,,,,,,
,,,,,,,,,,,,,,,,,,,GB,,,,,88.150.141.57,,,,,,,,,,,2006-01-31,,,,,,
,,,,,,,,,,,,,,,,,,,US,,,,,198.38.82.168,,,,,,,,,,,2012-04-20,,,,,,
,,,,,,,,,,,,,,,,,,,US,,,,,209.188.24.242,,,,,,,,,,,2004-05-18,,,,,,
,,,,,,,,,,,,,,,,,,,US,,,,,67.222.158.172,,,,,,,,,,,2008-02-04,,,,,,
,,,,,,,,,,,,,,,,,,,US,,,,,23.235.200.101,,,,,,,,,,,2013-10-16,,,,,,
,,,,,,,,,,,,,,,,,,,GB,,,,,185.116.213.18,,,,,,,,,,,2015-09-10,,,,,,
,,,,,,,,,,,,,,,,,,,VN,,,,,125.253.113.210,,,,,,,,,,,2010-12-29,,,,,,
,,,,,,,,,,,,,,,,,,,DE,,,,,78.46.194.22,,,,,,,,,,,2007-04-16,,,,,,
,,,,,,,,,,,,,,,,,,,US,,,,,66.147.244.226,,,,,,,,,,,2008-05-05,,,,,,
,,,,,,,,,,,,,,,,,,,FR,,,,,46.105.174.39,,,,,,,,,,,2010-11-29,,,,,,
,,,,,,,,,,,,,,,,,,,AU,,,,,16.0.22.229,,,,,,,,,,,,,,,,,
,,,,,,,,,,,,,,,,,,,US,,,,,192.254.236.234,,,,,,,,,,,2013-06-11,,,,,,
,,,,,,,,,,,,,,,,,,,GB,,,,,92.242.132.15,,,,,,,,,,,2007-12-27,,,,,,
,,,,,,,,,,,,,,,,,,,GB,,,,,92.242.132.15,,,,,,,,,,,2007-12-27,,,,,,
,,,,,,,,,,,,,,,,,,,GB,,,,,92.242.132.15,,,,,,,,,,,2007-12-27,,,,,,
,,,,,,,,,,,,,,,,,,,GB,,,,,92.242.132.15,,,,,,,,,,,2007-12-27,,,,,,
,,,,,,,,,,,,,,,,,,,US,,,,,108.174.180.88,,,,,,,,,,,2012-01-25,,,,,,
,,,,,,,,,,,,,,,,,,,GB,,,,,92.242.132.15,,,,,,,,,,,2007-12-27,,,,,,
,,,,,,,,,,,,,,,,,,,GB,,,,,92.242.132.15,,,,,,,,,,,2007-12-27,,,,,,
,,,,,,,,,,,,,,,,,,,AU,,,,,27.121.64.104,,,,,,,,,,,2010-09-06,,,,,,
,,,,,,,,,,,,,,,,,,,US,,,,,192.185.91.41,,,,,,,,,,,2013-07-22,,,,,,
,,,,,,,,,,,,,,,,,,,RU,,,,,109.70.26.37,,,,,,,,,,,2009-10-26,,,,,,
,,,,,,,,,,,,,,,,,,,US,,,,,184.168.221.52,,,,,,,,,,,2010-09-21,,,,,,
,,,,,,,,,,,,,,,,,,,LT,,,,,5.199.165.172,,,,,,,,,,,2012-08-28,,,,,,
,,,,,,,,,,,,,,,,,,,US,,,,,192.185.51.96,,,,,,,,,,,2013-07-22,,,,,,
,,,,,,,,,,,,,,,,,,,US,,,,,198.15.69.186,,,,,,,,,,,2012-07-20,,,,,,
,,,,,,,,,,,,,,,,,,,US,,,,,192.185.216.124,,,,,,,,,,,2013-07-22,,,,,,
,,,,,,,,,,,,,,,,,,,US,,,,,184.95.45.219,,,,,,,,,,,2011-02-02,,,,,,
,,,,,,,,,,,,,,,,,,,US,,,,,209.188.24.242,,,,,,,,,,,2004-05-18,,,,,,
,,,,,,,,,,,,,,,,,,,IT,,,,,93.191.243.137,,,,,,,,,,,2008-06-16,,,,,,
,,,,,,,,,,,,,,,,,,,US,,,,,192.185.73.25,,,,,,,,,,,2013-07-22,,,,,,
,,,,,,,,,,,,,,,,,,,US,,,,,209.188.24.242,,,,,,,,,,,2004-05-18,,,,,,
,,,,,,,,,,,,,,,,,,,HK,,,,,202.146.219.9,,,,,,,,,,,2007-01-24,,,,,,
,,,,,,,,,,,,,,,,,,,RU,,,,,37.228.90.39,,,,,,,,,,,2012-04-10,,,,,,
,,,,,,,,,,,,,,,,,,,US,,,,,192.124.249.2,,,,,,,,,,,2015-04-01,,,,,,
,,,,,,,,,,,,,,,,,,,PT,,,,,4.126.173.11,,,,,,,,,,,,,,,,,
,,,,,,,,,,,,,,,,,,,GB,,,,,92.242.132.15,,,,,,,,,,,2007-12-27,,,,,,
,,,,,,,,,,,,,,,,,,,GB,,,,,92.242.132.15,,,,,,,,,,,2007-12-27,,,,,,
,,,,,,,,,,,,,,,,,,,US,,,,,192.185.19.218,,,,,,,,,,,2013-07-22,,,,,,
,,,,,,,,,,,,,,,,,,,US,,,,,192.185.103.8,,,,,,,,,,,2013-07-22,,,,,,
,,,,,,,,,,,,,,,,,,,US,,,,,192.185.214.95,,,,,,,,,,,2013-07-22,,,,,,
,,,,,,,,,,,,,,,,,,,AU,,,,,27.121.64.126,,,,,,,,,,,2010-09-06,,,,,,
,,,,,,,,,,,,,,,,,,,DE,,,,,89.163.146.245,,,,,,,,,,,2006-02-17,,,,,,
,,,,,,,,,,,,,,,,,,,US,,,,,192.185.108.212,,,,,,,,,,,2013-07-22,,,,,,
,,,,,,,,,,,,,,,,,,,GB,,,,,78.31.109.228,,,,,,,,,,,2007-11-07,,,,,,
,,,,,,,,,,,,,,,,,,,US,,,,,208.109.181.173,,,,,,,,,,,2006-04-12,,,,,,
,,,,,,,,,,,,,,,,,,,US,,,,,209.188.24.242,,,,,,,,,,,2004-05-18,,,,,,
,,,,,,,,,,,,,,,,,,,HK,,,,,202.146.219.9,,,,,,,,,,,2007-01-24,,,,,,
,,,,,,,,,,,,,,,,,,,US,,,,,198.1.121.252,,,,,,,,,,,2012-07-02,,,,,,
,,,,,,,,,,,,,,,,,,,US,,,,,192.185.108.212,,,,,,,,,,,2013-07-22,,,,,,
,,,,,,,,,,,,,,,,,,,US,,,,,67.222.3.111,,,,,,,,,,,2008-01-29,,,,,,
,,,,,,,,,,,,,,,,,,,AR,,,,,86.153.178.52,,,,,,,,,,,,,,,,,
,,,,,,,,,,,,,,,,,,,US,,,,,192.185.150.110,,,,,,,,,,,2013-07-22,,,,,,
,,,,,,,,,,,,,,,,,,,US,,,,,192.185.216.121,,,,,,,,,,,2013-07-22,,,,,,
,,,,,,,,,,,,,,,,,,,GB,,,,,92.242.132.15,,,,,,,,,,,2007-12-27,,,,,,
,,,,,,,,,,,,,,,,,,,GB,,,,,92.242.132.15,,,,,,,,,,,2007-12-27,,,,,,
,,,,,,,,,,,,,,,,,,,FR,,,,,213.186.33.18,,,,,,,,,,,2001-01-29,,,,,,
,,,,,,,,,,,,,,,,,,,US,,,,,66.206.43.190,,,,,,,,,,,2011-12-28,,,,,,
,,,,,,,,,,,,,,,,,,,US,,,,,50.63.202.63,,,,,,,,,,,2011-02-02,,,,,,
,,,,,,,,,,,,,,,,,,,US,,,,,198.38.89.241,,,,,,,,,,,2012-04-20,,,,,,
,,,,,,,,,,,,,,,,,,,US,,,,,50.63.202.48,,,,,,,,,,,2011-02-02,,,,,,
,,,,,,,,,,,,,,,,,,,US,,,,,108.179.252.34,,,,,,,,,,,2012-04-11,,,,,,
,,,,,,,,,,,,,,,,,,,US,,,,,50.63.202.40,,,,,,,,,,,2011-02-02,,,,,,
,,,,,,,,,,,,,,,,,,,US,,,,,50.62.53.86,,,,,,,,,,,2011-02-02,,,,,,
,,,,,,,,,,,,,,,,,,,TR,,,,,93.184.150.19,,,,,,,,,,,2008-05-28,,,,,,
,,,,,,,,,,,,,,,,,,,US,,,,,184.168.221.72,,,,,,,,,,,2010-09-21,,,,,,
,,,,,,,,,,,,,,,,,,,PL,,,,,85.128.210.10,,,,,,,,,,,2004-11-01,,,,,,
,,,,,,,,,,,,,,,,,,,US,,,,,192.185.95.121,,,,,,,,,,,2013-07-22,,,,,,
,,,,,,,,,,,,,,,,,,,US,,,,,173.236.189.57,,,,,,,,,,,2010-03-30,,,,,,
,,,,,,,,,,,,,,,,,,,US,,,,,184.168.221.37,,,,,,,,,,,2010-09-21,,,,,,
,,,,,,,,,,,,,,,,,,,FR,,,,,84.246.226.31,,,,,,,,,,,2004-10-25,,,,,,
,,,,,,,,,,,,,,,,,,,US,,,,,192.185.116.91,,,,,,,,,,,2013-07-22,,,,,,
,,,,,,,,,,,,,,,,,,,,,,,,,,,,,,,,,,,,,,,,,
,,,,,,,,,,,,,,,,,,,GB,,,,,92.242.132.15,,,,,,,,,,,2007-12-27,,,,,,
,,,,,,,,,,,,,,,,,,,ID,,,,,202.169.44.166,,,,,,,,,,,2000-09-25,,,,,,
,,,,,,,,,,,,,,,,,,,CA,,,,,167.114.158.222,,,,,,,,,,,2014-08-29,,,,,,
,,,,,,,,,,,,,,,,,,,VN,,,,,103.18.6.137,,,,,,,,,,,2013-03-07,,,,,,
,,,,,,,,,,,,,,,,,,,TR,,,,,93.184.150.18,,,,,,,,,,,2008-05-28,,,,,,
,,,,,,,,,,,,,,,,,,,US,,,,,50.63.202.39,,,,,,,,,,,2011-02-02,,,,,,
,,,,,,,,,,,,,,,,,,,GB,,,,,92.242.132.15,,,,,,,,,,,2007-12-27,,,,,,
,,,,,,,,,,,,,,,,,,,DE,,,,,88.198.132.3,,,,,,,,,,,2005-12-27,,,,,,
,,,,,,,,,,,,,,,,,,,US,,,,,173.201.231.29,,,,,,,,,,,2009-09-18,,,,,,
,,,,,,,,,,,,,,,,,,,HU,,,,,79.172.241.102,,,,,,,,,,,2007-10-25,,,,,,
,,,,,,,,,,,,,,,,,,,US,,,,,69.194.230.43,,,,,,,,,,,2010-07-30,,,,,,
,,,,,,,,,,,,,,,,,,,DK,,,,,89.249.4.65,,,,,,,,,,,2006-07-17,,,,,,
